Time Stamp,ID,Extended,Dir,Bus,LEN,D1,D2,D3,D4,D5,D6,D7,D8
-1709726746802417,00000323,false,Rx,0,8,00,00,00,00,00,00,00,00,
-1709726746802204,00000324,false,Rx,0,8,00,00,00,41,41,00,00,40,
-1709726746801948,0000033B,false,Rx,0,8,00,00,00,41,00,00,00,00,
-1709726746801692,0000033D,false,Rx,0,8,00,00,10,20,00,18,00,00,
-1709726746801436,000003B7,false,Rx,0,8,00,00,00,00,00,00,0A,00,
-1709726746801180,00000491,false,Rx,0,8,00,00,00,00,00,00,00,00,
-1709726746702242,00000323,false,Rx,0,8,00,00,00,00,00,00,00,00,
-1709726746701986,00000324,false,Rx,0,8,00,00,00,41,41,00,00,00,
-1709726746701730,0000033B,false,Rx,0,8,00,00,00,41,00,00,00,00,
-1709726746701474,0000033D,false,Rx,0,8,00,00,10,20,00,28,00,00,
-1709726746701218,000003B7,false,Rx,0,8,00,00,00,00,00,01,46,00,
-1709726746700962,00000491,false,Rx,0,8,00,00,00,00,00,00,00,00,
-1709726746602024,00000323,false,Rx,0,8,00,00,00,00,00,00,00,00,
-1709726746601811,00000324,false,Rx,0,8,00,00,00,41,41,00,00,00,
-1709726746601555,0000033B,false,Rx,0,8,00,00,00,41,00,00,00,00,
-1709726746601299,0000033D,false,Rx,0,8,00,00,10,20,00,28,00,00,
-1709726746601043,000003B7,false,Rx,0,8,00,00,00,00,00,02,92,00,
-1709726746600787,00000491,false,Rx,0,8,00,00,00,00,00,00,00,00,
-1709726746501636,00000323,false,Rx,0,8,00,00,00,00,00,00,00,00,
-1709726746501380,00000324,false,Rx,0,8,00,00,00,41,41,00,00,00,
-1709726746501124,0000033B,false,Rx,0,8,00,00,00,41,00,00,00,00,
-1709726746500868,0000033D,false,Rx,0,8,00,00,10,20,00,28,00,00,
-1709726746500655,000003B7,false,Rx,0,8,00,00,00,00,00,03,DE,00,
-1709726746500399,00000491,false,Rx,0,8,00,00,00,00,00,00,00,00,
-1709726746401333,00000323,false,Rx,0,8,00,00,00,00,00,00,00,00,
-1709726746401077,00000324,false,Rx,0,8,00,00,00,41,41,00,00,00,
-1709726746400821,0000033B,false,Rx,0,8,00,00,00,41,00,00,00,00,
-1709726746400608,0000033D,false,Rx,0,8,00,00,10,20,00,28,00,00,
-1709726746400352,000003B7,false,Rx,0,8,00,00,00,00,00,04,27,00,
-1709726746400096,00000491,false,Rx,0,8,00,00,00,00,00,00,00,00,
-1709726746301072,00000323,false,Rx,0,8,00,00,00,00,00,00,00,00,
-1709726746300816,00000324,false,Rx,0,8,00,00,00,41,41,00,00,00,
-1709726746300560,0000033B,false,Rx,0,8,00,00,00,33,00,00,00,00,
-1709726746300304,0000033D,false,Rx,0,8,00,00,10,20,00,28,00,00,
-1709726746300091,000003B7,false,Rx,0,8,00,00,00,00,00,05,6B,00,
-1709726746299835,00000491,false,Rx,0,8,00,00,00,00,00,00,00,00,
-1709726746200997,00000323,false,Rx,0,8,00,00,00,00,00,00,00,00,
-1709726746200741,00000324,false,Rx,0,8,00,00,0E,41,41,00,00,00,
-1709726746200528,0000033B,false,Rx,0,8,00,00,00,33,00,00,00,00,
-1709726746200272,0000033D,false,Rx,0,8,00,00,10,20,00,28,00,00,
-1709726746200016,000003B7,false,Rx,0,8,00,00,00,00,00,06,BF,00,
-1709726746199760,00000491,false,Rx,0,8,00,00,00,00,00,00,00,00,
-1709726746100566,00000323,false,Rx,0,8,00,00,00,00,00,00,00,00,
-1709726746100310,00000324,false,Rx,0,8,00,00,0E,41,41,00,00,00,
-1709726746100054,0000033B,false,Rx,0,8,00,00,00,33,00,00,00,00,
-1709726746099841,0000033D,false,Rx,0,8,00,00,10,20,00,28,00,00,
-1709726746099585,000003B7,false,Rx,0,8,00,00,00,00,00,07,F3,00,
-1709726746099329,00000491,false,Rx,0,8,00,00,00,00,00,00,00,00,
-1709726746000562,00000323,false,Rx,0,8,00,00,00,00,00,00,00,00,
-1709726746000306,00000324,false,Rx,0,8,00,00,0E,41,41,00,00,00,
-1709726746000093,0000033B,false,Rx,0,8,00,00,00,33,00,00,00,00,
-1709726745999837,0000033D,false,Rx,0,8,00,00,10,20,00,28,00,00,
-1709726745999581,000003B7,false,Rx,0,8,00,00,00,00,00,08,50,00,
-1709726745999325,00000491,false,Rx,0,8,00,00,00,00,00,00,00,00,
-1709726745899875,00000323,false,Rx,0,8,00,00,00,00,00,00,00,00,
-1709726745899661,00000324,false,Rx,0,8,00,00,0E,41,41,00,00,00,
-1709726745899406,0000033B,false,Rx,0,8,00,00,00,33,00,00,00,00,
-1709726745899150,0000033D,false,Rx,0,8,00,00,10,20,00,28,00,00,
-1709726745898936,000003B7,false,Rx,0,8,00,00,00,00,00,09,1C,00,
-1709726745898680,00000491,false,Rx,0,8,00,00,00,00,00,00,00,00,
-1709726745799956,00000323,false,Rx,0,8,00,00,00,00,00,00,00,00,
-1709726745799700,00000324,false,Rx,0,8,00,00,0E,41,41,00,00,00,
-1709726745799444,0000033B,false,Rx,0,8,00,00,00,33,00,00,00,00,
-1709726745799230,0000033D,false,Rx,0,8,00,00,10,20,00,28,00,00,
-1709726745798974,000003B7,false,Rx,0,8,00,00,00,00,00,0A,C8,00,
-1709726745798718,00000491,false,Rx,0,8,00,00,00,00,00,00,00,00,
-1709726745699610,00000323,false,Rx,0,8,00,00,00,00,00,00,00,00,
-1709726745699354,00000324,false,Rx,0,8,00,00,0E,41,41,00,00,00,
-1709726745699098,0000033B,false,Rx,0,8,00,00,00,33,00,00,00,00,
-1709726745698885,0000033D,false,Rx,0,8,00,00,10,20,00,28,00,00,
-1709726745698629,000003B7,false,Rx,0,8,00,00,00,00,00,0B,84,00,
-1709726745698373,00000491,false,Rx,0,8,00,00,00,00,00,00,00,00,
-1709726745599222,00000323,false,Rx,0,8,00,00,00,00,00,00,00,00,
-1709726745598966,00000324,false,Rx,0,8,00,00,0E,2E,2E,00,00,00,
-1709726745598752,0000033B,false,Rx,0,8,00,00,00,33,00,00,00,00,
-1709726745598496,0000033D,false,Rx,0,8,00,00,10,20,00,28,00,00,
-1709726745598240,000003B7,false,Rx,0,8,00,00,00,00,00,0C,7D,00,
-1709726745597984,00000491,false,Rx,0,8,00,00,00,00,00,00,00,00,
-1709726745498876,00000323,false,Rx,0,8,00,00,00,00,00,00,00,00,
-1709726745498663,00000324,false,Rx,0,8,00,00,0E,2E,2E,00,00,00,
-1709726745498407,0000033B,false,Rx,0,8,00,00,00,33,00,00,00,00,
-1709726745498151,0000033D,false,Rx,0,8,00,00,10,20,00,28,00,00,
-1709726745497895,000003B7,false,Rx,0,8,00,00,00,00,00,0D,31,00,
-1709726745497639,00000491,false,Rx,0,8,00,00,00,00,00,00,00,00,
-1709726745398658,00000323,false,Rx,0,8,00,00,00,00,00,00,00,00,
-1709726745398402,00000324,false,Rx,0,8,00,00,0E,2F,2F,00,00,00,
-1709726745398146,0000033B,false,Rx,0,8,00,00,00,33,00,00,00,00,
-1709726745397890,0000033D,false,Rx,0,8,00,00,10,20,00,28,00,00,
-1709726745397677,000003B7,false,Rx,0,8,00,00,00,00,00,0E,E5,00,
-1709726745397421,00000491,false,Rx,0,8,00,00,00,00,00,00,00,00,
-1709726745298142,00000323,false,Rx,0,8,00,00,00,00,00,00,00,00,
-1709726745297928,00000324,false,Rx,0,8,00,00,0E,2F,2F,00,00,00,
-1709726745297672,0000033B,false,Rx,0,8,00,00,00,33,00,00,00,00,
-1709726745297416,0000033D,false,Rx,0,8,00,00,10,20,00,28,00,00,
-1709726745297160,000003B7,false,Rx,0,8,00,00,00,00,00,00,0A,00,
-1709726745296904,00000491,false,Rx,0,8,00,00,00,00,00,00,00,00,
-1709726745198107,00000323,false,Rx,0,8,00,00,00,00,00,00,00,00,
-1709726745197894,00000324,false,Rx,0,8,00,00,0E,30,30,00,00,00,
-1709726745197638,0000033B,false,Rx,0,8,00,00,00,33,00,00,00,00,
-1709726745197382,0000033D,false,Rx,0,8,00,00,10,20,00,28,00,00,
-1709726745197126,000003B7,false,Rx,0,8,00,00,00,00,00,01,46,00,
-1709726745196870,00000491,false,Rx,0,8,00,00,00,00,00,00,00,00,
-1709726745097890,00000323,false,Rx,0,8,00,00,00,00,00,00,00,00,
-1709726745097634,00000324,false,Rx,0,8,00,00,0E,30,30,00,00,00,
-1709726745097378,0000033B,false,Rx,0,8,00,00,00,33,00,00,00,00,
-1709726745097164,0000033D,false,Rx,0,8,00,00,10,20,00,28,00,00,
-1709726745096908,000003B7,false,Rx,0,8,00,00,00,00,00,02,92,00,
-1709726745096652,00000491,false,Rx,0,8,00,00,00,00,00,00,00,00,
-1709726744997544,00000323,false,Rx,0,8,00,00,00,00,00,00,00,00,
-1709726744997288,00000324,false,Rx,0,8,00,00,0E,30,30,00,00,00,
-1709726744997032,0000033B,false,Rx,0,8,00,00,00,33,00,00,00,00,
-1709726744996776,0000033D,false,Rx,0,8,00,00,10,20,00,28,00,00,
-1709726744996563,000003B7,false,Rx,0,8,00,00,00,00,00,03,DE,00,
-1709726744996307,00000491,false,Rx,0,8,00,00,00,00,00,00,00,00,
-1709726744897241,00000323,false,Rx,0,8,00,00,00,00,00,00,00,00,
-1709726744896985,00000324,false,Rx,0,8,00,00,0E,30,30,00,00,00,
-1709726744896729,0000033B,false,Rx,0,8,00,00,00,33,00,00,00,00,
-1709726744896516,0000033D,false,Rx,0,8,00,00,10,20,00,28,00,00,
-1709726744896260,000003B7,false,Rx,0,8,00,00,00,00,00,04,27,00,
-1709726744896004,00000491,false,Rx,0,8,00,00,00,00,00,00,00,00,
-1709726744796895,00000323,false,Rx,0,8,00,00,00,00,00,00,00,00,
-1709726744796639,00000324,false,Rx,0,8,00,00,0E,31,31,00,00,00,
-1709726744796383,0000033B,false,Rx,0,8,00,00,00,33,00,00,00,00,
-1709726744796170,0000033D,false,Rx,0,8,00,00,10,20,00,28,00,00,
-1709726744795914,000003B7,false,Rx,0,8,00,00,00,00,00,05,6B,00,
-1709726744795658,00000491,false,Rx,0,8,00,00,00,00,00,00,00,00,
-1709726744696592,00000323,false,Rx,0,8,00,00,00,00,00,00,1F,AD,
-1709726744696336,00000324,false,Rx,0,8,00,00,0E,31,31,00,00,00,
-1709726744696080,0000033B,false,Rx,0,8,00,00,00,33,00,00,00,00,
-1709726744695824,0000033D,false,Rx,0,8,00,00,10,20,00,28,00,00,
-1709726744695611,000003B7,false,Rx,0,8,00,00,00,00,00,06,BF,00,
-1709726744695355,00000491,false,Rx,0,8,00,00,00,00,00,00,00,00,
-1709726744595990,00000323,false,Rx,0,8,00,00,00,00,00,00,1F,AD,
-1709726744595734,00000324,false,Rx,0,8,00,00,0E,31,31,00,00,00,
-1709726744595478,0000033B,false,Rx,0,8,00,00,00,33,00,00,00,00,
-1709726744595222,0000033D,false,Rx,0,8,00,00,10,20,00,28,00,00,
-1709726744595009,000003B7,false,Rx,0,8,00,00,00,00,00,07,F3,00,
-1709726744594753,00000491,false,Rx,0,8,00,00,00,00,00,00,00,00,
-1709726744495943,00000323,false,Rx,0,8,00,00,00,00,00,00,1F,AD,
-1709726744495730,00000324,false,Rx,0,8,00,00,0E,31,31,00,00,00,
-1709726744495474,0000033B,false,Rx,0,8,00,00,00,33,00,00,00,00,
-1709726744495218,0000033D,false,Rx,0,8,00,00,10,20,00,28,00,00,
-1709726744494962,000003B7,false,Rx,0,8,00,00,00,00,00,08,50,00,
-1709726744494749,00000491,false,Rx,0,8,00,00,00,00,00,00,00,00,
-1709726744395555,00000323,false,Rx,0,8,00,00,00,00,00,00,1F,AD,
-1709726744395342,00000324,false,Rx,0,8,00,00,0E,32,32,00,00,00,
-1709726744395086,0000033B,false,Rx,0,8,00,00,00,33,00,00,00,00,
-1709726744394830,0000033D,false,Rx,0,8,00,00,10,20,00,28,00,00,
-1709726744394574,000003B7,false,Rx,0,8,00,00,00,00,00,09,1C,00,
-1709726744394360,00000491,false,Rx,0,8,00,00,00,00,00,00,00,00,
-1709726744295235,00000323,false,Rx,0,8,00,00,00,00,00,00,1F,AD,
-1709726744295021,00000324,false,Rx,0,8,00,00,0E,32,32,00,00,00,
-1709726744294765,0000033B,false,Rx,0,8,00,00,00,33,00,00,00,00,
-1709726744294509,0000033D,false,Rx,0,8,00,00,10,20,00,28,00,00,
-1709726744294253,000003B7,false,Rx,0,8,00,00,00,00,00,0A,C8,00,
-1709726744293998,00000491,false,Rx,0,8,00,00,00,00,00,00,00,00,
-1709726744194932,00000323,false,Rx,0,8,00,00,00,00,00,00,1D,65,
-1709726744194676,00000324,false,Rx,0,8,00,00,0E,32,32,00,00,00,
-1709726744194462,0000033B,false,Rx,0,8,00,00,00,33,00,00,00,00,
-1709726744194206,0000033D,false,Rx,0,8,00,00,10,20,00,28,00,00,
-1709726744193950,000003B7,false,Rx,0,8,00,00,00,00,00,0B,84,00,
-1709726744193694,00000491,false,Rx,0,8,00,00,00,00,00,00,00,00,
-1709726744094501,00000323,false,Rx,0,8,00,00,00,00,00,00,1D,65,
-1709726744094245,00000324,false,Rx,0,8,00,00,0E,32,32,00,00,00,
-1709726744094031,0000033B,false,Rx,0,8,00,00,00,33,00,00,00,00,
-1709726744093775,0000033D,false,Rx,0,8,00,00,10,20,00,28,00,00,
-1709726744093519,000003B7,false,Rx,0,8,00,00,00,00,00,0C,7D,00,
-1709726744093263,00000491,false,Rx,0,8,00,00,00,00,00,00,00,00,
-1709726743994368,00000323,false,Rx,0,8,00,00,00,00,00,00,1D,65,
-1709726743994112,00000324,false,Rx,0,8,00,00,0E,32,32,00,00,00,
-1709726743993899,0000033B,false,Rx,0,8,00,00,00,33,00,00,00,00,
-1709726743993643,0000033D,false,Rx,0,8,00,00,10,20,00,28,00,00,
-1709726743993387,000003B7,false,Rx,0,8,00,00,00,00,00,0D,31,00,
-1709726743993131,00000491,false,Rx,0,8,00,00,00,00,00,00,00,00,
-1709726743893895,00000323,false,Rx,0,8,00,00,00,00,00,00,1D,65,
-1709726743893639,00000324,false,Rx,0,8,00,00,0E,32,32,00,00,00,
-1709726743893425,0000033B,false,Rx,0,8,00,00,00,33,00,00,00,00,
-1709726743893169,0000033D,false,Rx,0,8,00,00,10,20,00,28,00,00,
-1709726743892913,000003B7,false,Rx,0,8,00,00,00,00,00,0E,E5,00,
-1709726743892657,00000491,false,Rx,0,8,00,00,00,00,00,00,00,00,
-1709726743793719,00000323,false,Rx,0,8,00,00,00,00,00,00,1D,65,
-1709726743793463,00000324,false,Rx,0,8,00,00,0E,32,32,00,00,00,
-1709726743793207,0000033B,false,Rx,0,8,00,00,00,33,00,00,00,00,
-1709726743792994,0000033D,false,Rx,0,8,00,00,10,20,00,28,00,00,
-1709726743792738,000003B7,false,Rx,0,8,00,00,00,00,00,00,0A,00,
-1709726743792482,00000491,false,Rx,0,8,00,00,00,00,00,00,00,00,
-1709726743693374,00000323,false,Rx,0,8,00,00,00,00,00,00,1F,C5,
-1709726743693118,00000324,false,Rx,0,8,00,00,0E,32,32,00,00,00,
-1709726743692862,0000033B,false,Rx,0,8,00,00,00,33,00,00,00,00,
-1709726743692648,0000033D,false,Rx,0,8,00,00,10,20,00,28,00,00,
-1709726743692392,000003B7,false,Rx,0,8,00,00,00,00,00,01,46,00,
-1709726743692136,00000491,false,Rx,0,8,00,00,00,00,00,00,00,00,
-1709726743593113,00000323,false,Rx,0,8,00,00,00,00,00,00,1F,C5,
-1709726743592857,00000324,false,Rx,0,8,00,00,0E,33,33,00,00,00,
-1709726743592601,0000033B,false,Rx,0,8,00,00,00,33,00,00,00,00,
-1709726743592388,0000033D,false,Rx,0,8,00,00,10,20,00,28,00,00,
-1709726743592132,000003B7,false,Rx,0,8,00,00,00,00,00,02,92,00,
-1709726743591876,00000491,false,Rx,0,8,00,00,00,00,00,00,00,00,
-1709726743492981,00000323,false,Rx,0,8,00,00,00,00,00,00,1F,C5,
-1709726743492725,00000324,false,Rx,0,8,00,00,0E,33,33,00,00,00,
-1709726743492469,0000033B,false,Rx,0,8,00,00,00,33,00,00,00,00,
-1709726743492213,0000033D,false,Rx,0,8,00,00,10,20,00,28,00,00,
-1709726743492000,000003B7,false,Rx,0,8,00,00,00,00,00,03,DE,00,
-1709726743491744,00000491,false,Rx,0,8,00,00,00,00,00,00,00,00,
-1709726743392507,00000323,false,Rx,0,8,00,00,00,00,00,00,1F,C5,
-1709726743392251,00000324,false,Rx,0,8,00,00,0E,33,33,00,00,00,
-1709726743392038,0000033B,false,Rx,0,8,00,00,00,33,00,00,00,00,
-1709726743391782,0000033D,false,Rx,0,8,00,00,10,20,00,28,00,00,
-1709726743391526,000003B7,false,Rx,0,8,00,00,00,00,00,04,27,00,
-1709726743391270,00000491,false,Rx,0,8,00,00,00,00,00,00,00,00,
-1709726743292345,00000323,false,Rx,0,8,00,00,00,00,00,00,1F,C5,
-1709726743292089,00000324,false,Rx,0,8,00,00,0E,33,33,00,00,00,
-1709726743291875,0000033B,false,Rx,0,8,00,00,00,33,00,00,00,00,
-1709726743291619,0000033D,false,Rx,0,8,00,00,10,20,00,28,00,00,
-1709726743291364,000003B7,false,Rx,0,8,00,00,00,00,00,05,6B,00,
-1709726743291108,00000491,false,Rx,0,8,00,00,00,00,00,00,00,00,
-1709726743192084,00000323,false,Rx,0,8,00,00,00,00,00,00,00,00,
-1709726743191871,00000324,false,Rx,0,8,00,00,0E,33,33,00,00,00,
-1709726743191615,0000033B,false,Rx,0,8,00,00,00,33,00,00,00,00,
-1709726743191359,0000033D,false,Rx,0,8,00,00,10,20,00,28,00,00,
-1709726743191103,000003B7,false,Rx,0,8,00,00,00,00,00,06,BF,00,
-1709726743190890,00000491,false,Rx,0,8,00,00,00,00,00,00,00,00,
-1709726743091611,00000323,false,Rx,0,8,00,00,00,00,00,00,00,00,
-1709726743091355,00000324,false,Rx,0,8,00,00,0E,33,33,00,00,00,
-1709726743091099,0000033B,false,Rx,0,8,00,00,00,33,00,00,00,00,
-1709726743090843,0000033D,false,Rx,0,8,00,00,10,20,00,28,00,00,
-1709726743090629,000003B7,false,Rx,0,8,00,00,00,00,00,07,F3,00,
-1709726743090373,00000491,false,Rx,0,8,00,00,00,00,00,00,00,00,
-1709726742991350,00000323,false,Rx,0,8,00,00,00,00,00,00,00,00,
-1709726742991094,00000324,false,Rx,0,8,00,00,0E,33,33,00,00,00,
-1709726742990838,0000033B,false,Rx,0,8,00,00,00,33,00,00,00,00,
-1709726742990582,0000033D,false,Rx,0,8,00,00,10,20,00,28,00,00,
-1709726742990369,000003B7,false,Rx,0,8,00,00,00,00,00,08,50,00,
-1709726742990113,00000491,false,Rx,0,8,00,00,00,00,00,00,00,00,
-1709726742891133,00000323,false,Rx,0,8,00,00,00,00,00,00,00,00,
-1709726742890877,00000324,false,Rx,0,8,00,00,0E,33,33,00,00,00,
-1709726742890621,0000033B,false,Rx,0,8,00,00,00,33,00,00,00,00,
-1709726742890407,0000033D,false,Rx,0,8,00,00,10,20,00,28,00,00,
-1709726742890151,000003B7,false,Rx,0,8,00,00,00,00,00,09,1C,00,
-1709726742889895,00000491,false,Rx,0,8,00,00,00,00,00,00,00,00,
-1709726742790744,00000323,false,Rx,0,8,00,00,00,00,00,00,00,00,
-1709726742790531,00000324,false,Rx,0,8,00,00,0E,33,33,00,00,00,
-1709726742790275,0000033B,false,Rx,0,8,00,00,00,33,00,00,00,00,
-1709726742790019,0000033D,false,Rx,0,8,00,00,10,20,00,28,00,00,
-1709726742789763,000003B7,false,Rx,0,8,00,00,00,00,00,0A,C8,00,
-1709726742789550,00000491,false,Rx,0,8,00,00,00,00,00,00,00,00,
-1709726742690526,00000323,false,Rx,0,8,00,00,00,00,00,00,1F,AD,
-1709726742690313,00000324,false,Rx,0,8,00,00,0E,33,33,00,00,00,
-1709726742690057,0000033B,false,Rx,0,8,00,00,00,33,00,00,00,00,
-1709726742689801,0000033D,false,Rx,0,8,00,00,10,20,00,28,00,00,
-1709726742689545,000003B7,false,Rx,0,8,00,00,00,00,00,0B,84,00,
-1709726742689289,00000491,false,Rx,0,8,00,00,00,00,00,00,00,00,
-1709726742590138,00000323,false,Rx,0,8,00,00,00,00,00,00,1F,AD,
-1709726742589925,00000324,false,Rx,0,8,00,00,0E,33,33,00,00,00,
-1709726742589669,0000033B,false,Rx,0,8,00,00,00,33,00,00,00,00,
-1709726742589413,0000033D,false,Rx,0,8,00,00,10,20,00,28,00,00,
-1709726742589157,000003B7,false,Rx,0,8,00,00,00,00,00,0C,7D,00,
-1709726742588943,00000491,false,Rx,0,8,00,00,00,00,00,00,00,00,
-1709726742489920,00000323,false,Rx,0,8,00,00,00,00,00,00,1F,AD,
-1709726742489664,00000324,false,Rx,0,8,00,00,0E,33,33,00,00,00,
-1709726742489408,0000033B,false,Rx,0,8,00,00,00,33,00,00,00,00,
-1709726742489152,0000033D,false,Rx,0,8,00,00,10,20,00,28,00,00,
-1709726742488939,000003B7,false,Rx,0,8,00,00,00,00,00,0D,31,00,
-1709726742488683,00000491,false,Rx,0,8,00,00,00,00,00,00,00,00,
-1709726742389575,00000323,false,Rx,0,8,00,00,00,00,00,00,1F,AD,
-1709726742389319,00000324,false,Rx,0,8,00,00,0E,33,33,00,00,00,
-1709726742389105,0000033B,false,Rx,0,8,00,00,00,33,00,00,00,00,
-1709726742388849,0000033D,false,Rx,0,8,00,00,10,20,00,28,00,00,
-1709726742388593,000003B7,false,Rx,0,8,00,00,00,00,00,0E,E5,00,
-1709726742388337,00000491,false,Rx,0,8,00,00,00,00,00,00,00,00,
-1709726742289335,00000323,false,Rx,0,8,00,00,00,00,00,00,1F,AD,
-1709726742289121,00000324,false,Rx,0,8,00,00,0E,33,33,00,00,00,
-1709726742288866,0000033B,false,Rx,0,8,00,00,00,33,00,00,00,00,
-1709726742288610,0000033D,false,Rx,0,8,00,00,10,20,00,28,00,00,
-1709726742288354,000003B7,false,Rx,0,8,00,00,00,00,00,00,0A,00,
-1709726742288140,00000491,false,Rx,0,8,00,00,00,00,00,00,00,00,
-1709726742188861,00000323,false,Rx,0,8,00,00,00,00,00,00,1D,65,
-1709726742188648,00000324,false,Rx,0,8,00,00,0E,33,34,00,00,00,
-1709726742188392,0000033B,false,Rx,0,8,00,00,00,33,00,00,00,00,
-1709726742188136,0000033D,false,Rx,0,8,00,00,10,20,00,28,00,00,
-1709726742187880,000003B7,false,Rx,0,8,00,00,00,00,00,01,46,00,
-1709726742187624,00000491,false,Rx,0,8,00,00,00,00,00,00,00,00,
-1709726742088771,00000323,false,Rx,0,8,00,00,00,00,00,00,1D,65,
-1709726742088515,00000324,false,Rx,0,8,00,00,0E,33,34,00,00,00,
-1709726742088259,0000033B,false,Rx,0,8,00,00,00,33,00,00,00,00,
-1709726742088003,0000033D,false,Rx,0,8,00,00,10,20,00,28,00,00,
-1709726742087790,000003B7,false,Rx,0,8,00,00,00,00,00,02,92,00,
-1709726742087534,00000491,false,Rx,0,8,00,00,00,00,00,00,00,00,
-1709726741988426,00000323,false,Rx,0,8,00,00,00,00,00,00,1D,65,
-1709726741988212,00000324,false,Rx,0,8,00,00,0E,33,34,00,00,00,
-1709726741987956,0000033B,false,Rx,0,8,00,00,00,33,00,00,00,00,
-1709726741987700,0000033D,false,Rx,0,8,00,00,10,20,00,28,00,00,
-1709726741987444,000003B7,false,Rx,0,8,00,00,00,00,00,03,DE,00,
-1709726741987231,00000491,false,Rx,0,8,00,00,00,00,00,00,00,00,
-1709726741888080,00000323,false,Rx,0,8,00,00,00,00,00,00,1D,65,
-1709726741887867,00000324,false,Rx,0,8,00,00,0E,33,34,00,00,00,
-1709726741887611,0000033B,false,Rx,0,8,00,00,00,33,00,00,00,00,
-1709726741887355,0000033D,false,Rx,0,8,00,00,10,20,00,28,00,00,
-1709726741887099,000003B7,false,Rx,0,8,00,00,00,00,00,04,27,00,
-1709726741886843,00000491,false,Rx,0,8,00,00,00,00,00,00,00,00,
-1709726741787990,00000323,false,Rx,0,8,00,00,00,00,00,00,1D,65,
-1709726741787734,00000324,false,Rx,0,8,00,00,0E,33,34,00,00,00,
-1709726741787478,0000033B,false,Rx,0,8,00,00,00,33,00,00,00,00,
-1709726741787265,0000033D,false,Rx,0,8,00,00,10,20,00,28,00,00,
-1709726741787009,000003B7,false,Rx,0,8,00,00,00,00,00,05,6B,00,
-1709726741786753,00000491,false,Rx,0,8,00,00,00,00,00,00,00,00,
-1709726741687303,00000323,false,Rx,0,8,00,00,00,00,00,00,1F,C5,
-1709726741687047,00000324,false,Rx,0,8,00,00,0E,33,34,00,00,00,
-1709726741686834,0000033B,false,Rx,0,8,00,00,00,33,00,00,00,00,
-1709726741686578,0000033D,false,Rx,0,8,00,00,10,20,00,28,00,00,
-1709726741686322,000003B7,false,Rx,0,8,00,00,00,00,00,06,BF,00,
-1709726741686066,00000491,false,Rx,0,8,00,00,00,00,00,00,00,00,
-1709726741587128,00000323,false,Rx,0,8,00,00,00,00,00,00,1F,C5,
-1709726741586915,00000324,false,Rx,0,8,00,00,0E,33,34,00,00,00,
-1709726741586659,0000033B,false,Rx,0,8,00,00,00,33,00,00,00,00,
-1709726741586403,0000033D,false,Rx,0,8,00,00,10,20,00,28,00,00,
-1709726741586189,000003B7,false,Rx,0,8,00,00,00,00,00,07,F3,00,
-1709726741585933,00000491,false,Rx,0,8,00,00,00,00,00,00,00,00,
-1709726741486868,00000323,false,Rx,0,8,00,00,00,00,00,00,1F,C5,
-1709726741486654,00000324,false,Rx,0,8,00,00,0E,33,34,00,00,00,
-1709726741486398,0000033B,false,Rx,0,8,00,00,00,33,00,00,00,00,
-1709726741486142,0000033D,false,Rx,0,8,00,00,10,20,00,28,00,00,
-1709726741485929,000003B7,false,Rx,0,8,00,00,00,00,00,08,50,00,
-1709726741485673,00000491,false,Rx,0,8,00,00,00,00,00,00,00,00,
-1709726741386650,00000323,false,Rx,0,8,00,00,00,00,00,00,1F,C5,
-1709726741386394,00000324,false,Rx,0,8,00,00,0E,33,34,00,00,00,
-1709726741386181,0000033B,false,Rx,0,8,00,00,00,33,00,00,00,00,
-1709726741385925,0000033D,false,Rx,0,8,00,00,10,20,00,28,00,00,
-1709726741385669,000003B7,false,Rx,0,8,00,00,00,00,00,09,1C,00,
-1709726741385413,00000491,false,Rx,0,8,00,00,00,00,00,00,00,00,
-1709726741286274,00000323,false,Rx,0,8,00,00,00,00,00,00,1F,C5,
-1709726741286018,00000324,false,Rx,0,8,00,00,0E,33,34,00,00,00,
-1709726741285762,0000033B,false,Rx,0,8,00,00,00,33,00,00,00,00,
-1709726741285506,0000033D,false,Rx,0,8,00,00,10,20,00,28,00,00,
-1709726741285293,000003B7,false,Rx,0,8,00,00,00,00,00,0A,C8,00,
-1709726741285037,00000491,false,Rx,0,8,00,00,00,00,00,00,00,00,
-1709726741185843,00000323,false,Rx,0,8,00,00,00,00,00,00,00,00,
-1709726741185587,00000324,false,Rx,0,8,00,00,0E,33,34,00,00,00,
-1709726741185331,0000033B,false,Rx,0,8,00,00,00,33,00,00,00,00,
-1709726741185118,0000033D,false,Rx,0,8,00,00,10,20,00,28,00,00,
-1709726741184862,000003B7,false,Rx,0,8,00,00,00,00,00,0B,84,00,
-1709726741184606,00000491,false,Rx,0,8,00,00,00,00,00,00,00,00,
-1709726741085753,00000323,false,Rx,0,8,00,00,00,00,00,00,00,00,
-1709726741085540,00000324,false,Rx,0,8,00,00,0E,33,34,00,00,00,
-1709726741085284,0000033B,false,Rx,0,8,00,00,00,33,00,00,00,00,
-1709726741085028,0000033D,false,Rx,0,8,00,00,10,20,00,28,00,00,
-1709726741084772,000003B7,false,Rx,0,8,00,00,00,00,00,0C,7D,00,
-1709726741084516,00000491,false,Rx,0,8,00,00,00,00,00,00,00,00,
-1709726740985365,00000323,false,Rx,0,8,00,00,00,00,00,00,00,00,
-1709726740985109,00000324,false,Rx,0,8,00,00,0E,34,34,00,00,00,
-1709726740984853,0000033B,false,Rx,0,8,00,00,00,33,00,00,00,00,
-1709726740984597,0000033D,false,Rx,0,8,00,00,10,20,00,28,00,00,
-1709726740984384,000003B7,false,Rx,0,8,00,00,00,00,00,0D,31,00,
-1709726740984128,00000491,false,Rx,0,8,00,00,00,00,00,00,00,00,
-1709726740885233,00000323,false,Rx,0,8,00,00,00,00,00,00,00,00,
-1709726740884977,00000324,false,Rx,0,8,00,00,0E,34,34,00,00,00,
-1709726740884721,0000033B,false,Rx,0,8,00,00,00,33,00,00,00,00,
-1709726740884507,0000033D,false,Rx,0,8,00,00,10,20,00,28,00,00,
-1709726740884251,000003B7,false,Rx,0,8,00,00,00,00,00,0E,E5,00,
-1709726740883995,00000491,false,Rx,0,8,00,00,00,00,00,00,00,00,
-1709726740784759,00000323,false,Rx,0,8,00,00,00,00,00,00,00,00,
-1709726740784503,00000324,false,Rx,0,8,00,00,0E,34,34,00,00,00,
-1709726740784247,0000033B,false,Rx,0,8,00,00,00,33,00,00,00,00,
-1709726740783991,0000033D,false,Rx,0,8,00,00,10,20,00,28,00,00,
-1709726740783778,000003B7,false,Rx,0,8,00,00,00,00,00,00,0A,00,
-1709726740783522,00000491,false,Rx,0,8,00,00,00,00,00,00,00,00,
-1709726740684498,00000323,false,Rx,0,8,00,00,00,00,00,00,1F,AD,
-1709726740684242,00000324,false,Rx,0,8,00,00,0E,34,34,00,00,00,
-1709726740683986,0000033B,false,Rx,0,8,00,00,00,33,00,00,00,00,
-1709726740683730,0000033D,false,Rx,0,8,00,00,10,20,00,28,00,00,
-1709726740683517,000003B7,false,Rx,0,8,00,00,00,00,00,01,46,00,
-1709726740683261,00000491,false,Rx,0,8,00,00,00,00,00,00,00,00,
-1709726740584238,00000323,false,Rx,0,8,00,00,00,00,00,00,1F,AD,
-1709726740583982,00000324,false,Rx,0,8,00,00,0E,34,34,00,00,00,
-1709726740583726,0000033B,false,Rx,0,8,00,00,00,33,00,00,00,00,
-1709726740583513,0000033D,false,Rx,0,8,00,00,10,20,00,28,00,00,
-1709726740583257,000003B7,false,Rx,0,8,00,00,00,00,00,02,92,00,
-1709726740583001,00000491,false,Rx,0,8,00,00,00,00,00,00,00,00,
-1709726740483892,00000323,false,Rx,0,8,00,00,00,00,00,00,1F,AD,
-1709726740483636,00000324,false,Rx,0,8,00,00,0E,34,34,00,00,00,
-1709726740483423,0000033B,false,Rx,0,8,00,00,00,33,00,00,00,00,
-1709726740483167,0000033D,false,Rx,0,8,00,00,10,20,00,28,00,00,
-1709726740482911,000003B7,false,Rx,0,8,00,00,00,00,00,03,DE,00,
-1709726740482655,00000491,false,Rx,0,8,00,00,00,00,00,00,00,00,
-1709726740383504,00000323,false,Rx,0,8,00,00,00,00,00,00,1F,AD,
-1709726740383248,00000324,false,Rx,0,8,00,00,0E,34,34,00,00,00,
-1709726740383035,0000033B,false,Rx,0,8,00,00,00,33,00,00,00,00,
-1709726740382779,0000033D,false,Rx,0,8,00,00,10,20,00,28,00,00,
-1709726740382523,000003B7,false,Rx,0,8,00,00,00,00,00,04,27,00,
-1709726740382267,00000491,false,Rx,0,8,00,00,00,00,00,00,00,00,
-1709726740283221,00000323,false,Rx,0,8,00,00,00,00,00,00,1F,AD,
-1709726740283007,00000324,false,Rx,0,8,00,00,0E,34,34,00,00,00,
-1709726740282751,0000033B,false,Rx,0,8,00,00,00,33,00,00,00,00,
-1709726740282495,0000033D,false,Rx,0,8,00,00,10,20,00,28,00,00,
-1709726740282282,000003B7,false,Rx,0,8,00,00,00,00,00,05,6B,00,
-1709726740282026,00000491,false,Rx,0,8,00,00,00,00,00,00,00,00,
-1709726740182832,00000323,false,Rx,0,8,00,00,00,00,00,00,1D,65,
-1709726740182619,00000324,false,Rx,0,8,00,00,0E,34,34,00,00,00,
-1709726740182363,0000033B,false,Rx,0,8,00,00,00,33,00,00,00,00,
-1709726740182107,0000033D,false,Rx,0,8,00,00,10,20,00,28,00,00,
-1709726740181851,000003B7,false,Rx,0,8,00,00,00,00,00,06,BF,00,
-1709726740181595,00000491,false,Rx,0,8,00,00,00,00,00,00,00,00,
-1709726740082700,00000323,false,Rx,0,8,00,00,00,00,00,00,1D,65,
-1709726740082444,00000324,false,Rx,0,8,00,00,0E,34,34,00,00,00,
-1709726740082188,0000033B,false,Rx,0,8,00,00,00,33,00,00,00,00,
-1709726740081974,0000033D,false,Rx,0,8,00,00,10,20,00,28,00,00,
-1709726740081718,000003B7,false,Rx,0,8,00,00,00,00,00,07,F3,00,
-1709726740081462,00000491,false,Rx,0,8,00,00,00,00,00,00,00,00,
-1709726739982269,00000323,false,Rx,0,8,00,00,00,00,00,00,1D,65,
-1709726739982013,00000324,false,Rx,0,8,00,00,0E,34,34,00,00,00,
-1709726739981799,0000033B,false,Rx,0,8,00,00,00,33,00,00,00,00,
-1709726739981543,0000033D,false,Rx,0,8,00,00,10,20,00,28,00,00,
-1709726739981287,000003B7,false,Rx,0,8,00,00,00,00,00,08,50,00,
-1709726739981031,00000491,false,Rx,0,8,00,00,00,00,00,00,00,00,
-1709726739882136,00000323,false,Rx,0,8,00,00,00,00,00,00,1D,65,
-1709726739881880,00000324,false,Rx,0,8,00,00,0E,34,34,00,00,00,
-1709726739881667,0000033B,false,Rx,0,8,00,00,00,33,00,00,00,00,
-1709726739881411,0000033D,false,Rx,0,8,00,00,10,20,00,28,00,00,
-1709726739881155,000003B7,false,Rx,0,8,00,00,00,00,00,09,1C,00,
-1709726739880899,00000491,false,Rx,0,8,00,00,00,00,00,00,00,00,
-1709726739781705,00000323,false,Rx,0,8,00,00,00,00,00,00,1D,65,
-1709726739781449,00000324,false,Rx,0,8,00,00,0E,34,34,00,00,00,
-1709726739781193,0000033B,false,Rx,0,8,00,00,00,33,00,00,00,00,
-1709726739780937,0000033D,false,Rx,0,8,00,00,10,20,00,28,00,00,
-1709726739780724,000003B7,false,Rx,0,8,00,00,00,00,00,0A,C8,00,
-1709726739780468,00000491,false,Rx,0,8,00,00,00,00,00,00,00,00,
-1709726739681402,00000323,false,Rx,0,8,00,00,00,00,00,00,1F,C5,
-1709726739681189,00000324,false,Rx,0,8,00,00,0E,34,34,00,00,00,
-1709726739680933,0000033B,false,Rx,0,8,00,00,00,33,00,00,00,00,
-1709726739680677,0000033D,false,Rx,0,8,00,00,10,20,00,28,00,00,
-1709726739680421,000003B7,false,Rx,0,8,00,00,00,00,00,0B,84,00,
-1709726739680208,00000491,false,Rx,0,8,00,00,00,00,00,00,00,00,
-1709726739581099,00000323,false,Rx,0,8,00,00,00,00,00,00,1F,C5,
-1709726739580886,00000324,false,Rx,0,8,00,00,0E,34,34,00,00,00,
-1709726739580630,0000033B,false,Rx,0,8,00,00,00,33,00,00,00,00,
-1709726739580374,0000033D,false,Rx,0,8,00,00,10,20,00,28,00,00,
-1709726739580160,000003B7,false,Rx,0,8,00,00,00,00,00,0C,7D,00,
-1709726739579904,00000491,false,Rx,0,8,00,00,00,00,00,00,00,00,
-1709726739480881,00000323,false,Rx,0,8,00,00,00,00,00,00,1F,C5,
-1709726739480625,00000324,false,Rx,0,8,00,00,0E,34,34,00,00,00,
-1709726739480369,0000033B,false,Rx,0,8,00,00,00,33,00,00,00,00,
-1709726739480156,0000033D,false,Rx,0,8,00,00,10,20,00,28,00,00,
-1709726739479900,000003B7,false,Rx,0,8,00,00,00,00,00,0D,31,00,
-1709726739479644,00000491,false,Rx,0,8,00,00,00,00,00,00,00,00,
-1709726739380450,00000323,false,Rx,0,8,00,00,00,00,00,00,1F,C5,
-1709726739380237,00000324,false,Rx,0,8,00,00,0E,34,34,00,00,00,
-1709726739379981,0000033B,false,Rx,0,8,00,00,00,33,00,00,00,00,
-1709726739379725,0000033D,false,Rx,0,8,00,00,10,20,00,28,00,00,
-1709726739379469,000003B7,false,Rx,0,8,00,00,00,00,00,0E,E5,00,
-1709726739379256,00000491,false,Rx,0,8,00,00,00,00,00,00,00,00,
-1709726739280373,00000323,false,Rx,0,8,00,00,00,00,00,00,1F,C5,
-1709726739280160,00000324,false,Rx,0,8,00,00,0E,34,34,00,00,00,
-1709726739279904,0000033B,false,Rx,0,8,00,00,00,33,00,00,00,00,
-1709726739279648,0000033D,false,Rx,0,8,00,00,10,20,00,28,00,00,
-1709726739279392,000003B7,false,Rx,0,8,00,00,00,00,00,00,0A,00,
-1709726739279179,00000491,false,Rx,0,8,00,00,00,00,00,00,00,00,
-1709726739179942,00000323,false,Rx,0,8,00,00,00,00,00,00,00,00,
-1709726739179686,00000324,false,Rx,0,8,00,00,0E,34,34,00,00,00,
-1709726739179430,0000033B,false,Rx,0,8,00,00,00,33,00,00,00,00,
-1709726739179174,0000033D,false,Rx,0,8,00,00,10,20,00,28,00,00,
-1709726739178961,000003B7,false,Rx,0,8,00,00,00,00,00,01,46,00,
-1709726739178705,00000491,false,Rx,0,8,00,00,00,00,00,00,00,00,
-1709726739079468,00000323,false,Rx,0,8,00,00,00,00,00,00,00,00,
-1709726739079212,00000324,false,Rx,0,8,00,00,0E,34,34,00,00,00,
-1709726739078956,0000033B,false,Rx,0,8,00,00,00,33,00,00,00,00,
-1709726739078700,0000033D,false,Rx,0,8,00,00,10,20,00,28,00,00,
-1709726739078487,000003B7,false,Rx,0,8,00,00,00,00,00,02,92,00,
-1709726739078231,00000491,false,Rx,0,8,00,00,00,00,00,00,00,00,
-1709726738979293,00000323,false,Rx,0,8,00,00,00,00,00,00,00,00,
-1709726738979080,00000324,false,Rx,0,8,00,00,0E,34,34,00,00,00,
-1709726738978824,0000033B,false,Rx,0,8,00,00,00,33,00,00,00,00,
-1709726738978568,0000033D,false,Rx,0,8,00,00,10,20,00,28,00,00,
-1709726738978355,000003B7,false,Rx,0,8,00,00,00,00,00,03,DE,00,
-1709726738978099,00000491,false,Rx,0,8,00,00,00,00,00,00,00,00,
-1709726738878905,00000323,false,Rx,0,8,00,00,00,00,00,00,00,00,
-1709726738878649,00000324,false,Rx,0,8,00,00,0E,34,34,00,00,00,
-1709726738878436,0000033B,false,Rx,0,8,00,00,00,33,00,00,00,00,
-1709726738878180,0000033D,false,Rx,0,8,00,00,10,20,00,28,00,00,
-1709726738877924,000003B7,false,Rx,0,8,00,00,00,00,00,04,27,00,
-1709726738877668,00000491,false,Rx,0,8,00,00,00,00,00,00,00,00,
-1709726738778773,00000323,false,Rx,0,8,00,00,00,00,00,00,00,00,
-1709726738778559,00000324,false,Rx,0,8,00,00,0E,34,34,00,00,00,
-1709726738778303,0000033B,false,Rx,0,8,00,00,00,33,00,00,00,00,
-1709726738778047,0000033D,false,Rx,0,8,00,00,10,20,00,28,00,00,
-1709726738777791,000003B7,false,Rx,0,8,00,00,00,00,00,05,6B,00,
-1709726738777578,00000491,false,Rx,0,8,00,00,00,00,00,00,00,00,
-1709726738678512,00000323,false,Rx,0,8,00,00,00,00,00,00,1F,AD,
-1709726738678256,00000324,false,Rx,0,8,00,00,0E,34,34,00,00,00,
-1709726738678000,0000033B,false,Rx,0,8,00,00,00,33,00,00,00,00,
-1709726738677787,0000033D,false,Rx,0,8,00,00,10,20,00,28,00,00,
-1709726738677531,000003B7,false,Rx,0,8,00,00,00,00,00,06,BF,00,
-1709726738677275,00000491,false,Rx,0,8,00,00,00,00,00,00,00,00,
-1709726738578124,00000323,false,Rx,0,8,00,00,00,00,00,00,1F,AD,
-1709726738577868,00000324,false,Rx,0,8,00,00,0E,34,34,00,00,00,
-1709726738577654,0000033B,false,Rx,0,8,00,00,00,33,00,00,00,00,
-1709726738577398,0000033D,false,Rx,0,8,00,00,10,20,00,28,00,00,
-1709726738577142,000003B7,false,Rx,0,8,00,00,00,00,00,07,F3,00,
-1709726738576887,00000491,false,Rx,0,8,00,00,00,00,00,00,00,00,
-1709726738477906,00000323,false,Rx,0,8,00,00,00,00,00,00,1F,AD,
-1709726738477650,00000324,false,Rx,0,8,00,00,0E,34,34,00,00,00,
-1709726738477394,0000033B,false,Rx,0,8,00,00,00,33,00,00,00,00,
-1709726738477138,0000033D,false,Rx,0,8,00,00,10,20,00,28,00,00,
-1709726738476925,000003B7,false,Rx,0,8,00,00,00,00,00,08,50,00,
-1709726738476669,00000491,false,Rx,0,8,00,00,00,00,00,00,00,00,
-1709726738377646,00000323,false,Rx,0,8,00,00,00,00,00,00,1F,AD,
-1709726738377390,00000324,false,Rx,0,8,00,00,0E,34,34,00,00,00,
-1709726738377134,0000033B,false,Rx,0,8,00,00,00,33,00,00,00,00,
-1709726738376878,0000033D,false,Rx,0,8,00,00,10,20,00,28,00,00,
-1709726738376664,000003B7,false,Rx,0,8,00,00,00,00,00,09,1C,00,
-1709726738376408,00000491,false,Rx,0,8,00,00,00,00,00,00,00,00,
-1709726738277234,00000323,false,Rx,0,8,00,00,00,00,00,00,1F,AD,
-1709726738277021,00000324,false,Rx,0,8,00,00,0E,34,34,00,00,00,
-1709726738276765,0000033B,false,Rx,0,8,00,00,00,33,00,00,00,00,
-1709726738276509,0000033D,false,Rx,0,8,00,00,10,20,00,28,00,00,
-1709726738276296,000003B7,false,Rx,0,8,00,00,00,00,00,0A,C8,00,
-1709726738276040,00000491,false,Rx,0,8,00,00,00,00,00,00,00,00,
-1709726738176931,00000323,false,Rx,0,8,00,00,00,00,00,00,1D,65,
-1709726738176675,00000324,false,Rx,0,8,00,00,0E,34,34,00,00,00,
-1709726738176419,0000033B,false,Rx,0,8,00,00,00,33,00,00,00,00,
-1709726738176163,0000033D,false,Rx,0,8,00,00,10,20,00,28,00,00,
-1709726738175950,000003B7,false,Rx,0,8,00,00,00,00,00,0B,84,00,
-1709726738175694,00000491,false,Rx,0,8,00,00,00,00,00,00,00,00,
-1709726738076671,00000323,false,Rx,0,8,00,00,00,00,00,00,1D,65,
-1709726738076415,00000324,false,Rx,0,8,00,00,0E,34,34,00,00,00,
-1709726738076201,0000033B,false,Rx,0,8,00,00,00,33,00,00,00,00,
-1709726738075945,0000033D,false,Rx,0,8,00,00,10,20,00,28,00,00,
-1709726738075690,000003B7,false,Rx,0,8,00,00,00,00,00,0C,7D,00,
-1709726738075434,00000491,false,Rx,0,8,00,00,00,00,00,00,00,00,
-1709726737976368,00000323,false,Rx,0,8,00,00,00,00,00,00,1D,65,
-1709726737976112,00000324,false,Rx,0,8,00,00,0E,34,34,00,00,00,
-1709726737975856,0000033B,false,Rx,0,8,00,00,00,33,00,00,00,00,
-1709726737975600,0000033D,false,Rx,0,8,00,00,10,20,00,28,00,00,
-1709726737975386,000003B7,false,Rx,0,8,00,00,00,00,00,0D,31,00,
-1709726737975130,00000491,false,Rx,0,8,00,00,00,00,00,00,00,00,
-1709726737876065,00000323,false,Rx,0,8,00,00,00,00,00,00,1D,65,
-1709726737875851,00000324,false,Rx,0,8,00,00,0E,34,34,00,00,00,
-1709726737875595,0000033B,false,Rx,0,8,00,00,00,33,00,00,00,00,
-1709726737875339,0000033D,false,Rx,0,8,00,00,10,20,00,28,00,00,
-1709726737875083,000003B7,false,Rx,0,8,00,00,00,00,00,0E,E5,00,
-1709726737874827,00000491,false,Rx,0,8,00,00,00,00,00,00,00,00,
-1709726737775719,00000323,false,Rx,0,8,00,00,00,00,00,00,1D,65,
-1709726737775463,00000324,false,Rx,0,8,00,00,0E,34,34,00,00,00,
-1709726737775207,0000033B,false,Rx,0,8,00,00,00,33,00,00,00,00,
-1709726737774994,0000033D,false,Rx,0,8,00,00,10,20,00,28,00,00,
-1709726737774738,000003B7,false,Rx,0,8,00,00,00,00,00,00,0A,00,
-1709726737774482,00000491,false,Rx,0,8,00,00,00,00,00,00,00,00,
-1709726737675288,00000323,false,Rx,0,8,00,00,00,00,00,00,1F,C5,
-1709726737675075,00000324,false,Rx,0,8,00,00,0E,34,34,00,00,00,
-1709726737674819,0000033B,false,Rx,0,8,00,00,00,33,00,00,00,00,
-1709726737674563,0000033D,false,Rx,0,8,00,00,10,20,00,28,00,00,
-1709726737674307,000003B7,false,Rx,0,8,00,00,00,00,00,01,46,00,
-1709726737674093,00000491,false,Rx,0,8,00,00,00,00,00,00,00,00,
-1709726737575155,00000323,false,Rx,0,8,00,00,00,00,00,00,1F,C5,
-1709726737574899,00000324,false,Rx,0,8,00,00,0E,34,34,00,00,00,
-1709726737574643,0000033B,false,Rx,0,8,00,00,00,33,00,00,00,00,
-1709726737574430,0000033D,false,Rx,0,8,00,00,10,20,00,28,00,00,
-1709726737574174,000003B7,false,Rx,0,8,00,00,00,00,00,02,92,00,
-1709726737573918,00000491,false,Rx,0,8,00,00,00,00,00,00,00,00,
-1709726737474895,00000323,false,Rx,0,8,00,00,00,00,00,00,1F,C5,
-1709726737474639,00000324,false,Rx,0,8,00,00,0E,34,34,00,00,00,
-1709726737474426,0000033B,false,Rx,0,8,00,00,00,33,00,00,00,00,
-1709726737474170,0000033D,false,Rx,0,8,00,00,10,20,00,28,00,00,
-1709726737473914,000003B7,false,Rx,0,8,00,00,00,00,00,03,DE,00,
-1709726737473658,00000491,false,Rx,0,8,00,00,00,00,00,00,00,00,
-1709726737374464,00000323,false,Rx,0,8,00,00,00,00,00,00,1F,C5,
-1709726737374208,00000324,false,Rx,0,8,00,00,0E,34,34,00,00,00,
-1709726737373995,0000033B,false,Rx,0,8,00,00,00,33,00,00,00,00,
-1709726737373739,0000033D,false,Rx,0,8,00,00,10,20,00,28,00,00,
-1709726737373483,000003B7,false,Rx,0,8,00,00,00,00,00,04,27,00,
-1709726737373227,00000491,false,Rx,0,8,00,00,00,00,00,00,00,00,
-1709726737274200,00000323,false,Rx,0,8,00,00,00,00,00,00,1F,C5,
-1709726737273987,00000324,false,Rx,0,8,00,00,0E,34,34,00,00,00,
-1709726737273731,0000033B,false,Rx,0,8,00,00,00,33,00,00,00,00,
-1709726737273475,0000033D,false,Rx,0,8,00,00,10,20,00,28,00,00,
-1709726737273261,000003B7,false,Rx,0,8,00,00,00,00,00,05,6B,00,
-1709726737273005,00000491,false,Rx,0,8,00,00,00,00,00,00,00,00,
-1709726737174025,00000323,false,Rx,0,8,00,00,00,00,00,00,00,00,
-1709726737173812,00000324,false,Rx,0,8,00,00,0E,34,34,00,00,00,
-1709726737173556,0000033B,false,Rx,0,8,00,00,00,33,00,00,00,00,
-1709726737173300,0000033D,false,Rx,0,8,00,00,10,20,00,28,00,00,
-1709726737173044,000003B7,false,Rx,0,8,00,00,00,00,00,06,BF,00,
-1709726737172788,00000491,false,Rx,0,8,00,00,00,00,00,00,00,00,
-1709726737073850,00000323,false,Rx,0,8,00,00,00,00,00,00,00,00,
-1709726737073594,00000324,false,Rx,0,8,00,00,0E,34,34,00,00,00,
-1709726737073338,0000033B,false,Rx,0,8,00,00,00,33,00,00,00,00,
-1709726737073125,0000033D,false,Rx,0,8,00,00,10,20,00,28,00,00,
-1709726737072869,000003B7,false,Rx,0,8,00,00,00,00,00,07,F3,00,
-1709726737072613,00000491,false,Rx,0,8,00,00,00,00,00,00,00,00,
-1709726736973376,00000323,false,Rx,0,8,00,00,00,00,00,00,00,00,
-1709726736973120,00000324,false,Rx,0,8,00,00,0E,34,34,00,00,00,
-1709726736972864,0000033B,false,Rx,0,8,00,00,00,33,00,00,00,00,
-1709726736972651,0000033D,false,Rx,0,8,00,00,10,20,00,28,00,00,
-1709726736972395,000003B7,false,Rx,0,8,00,00,00,00,00,08,50,00,
-1709726736972139,00000491,false,Rx,0,8,00,00,00,00,00,00,00,00,
-1709726736873158,00000323,false,Rx,0,8,00,00,00,00,00,00,00,00,
-1709726736872902,00000324,false,Rx,0,8,00,00,0E,34,34,00,00,00,
-1709726736872689,0000033B,false,Rx,0,8,00,00,00,33,00,00,00,00,
-1709726736872433,0000033D,false,Rx,0,8,00,00,10,20,00,28,00,00,
-1709726736872177,000003B7,false,Rx,0,8,00,00,00,00,00,09,1C,00,
-1709726736871921,00000491,false,Rx,0,8,00,00,00,00,00,00,00,00,
-1709726736772770,00000323,false,Rx,0,8,00,00,00,00,00,00,00,00,
-1709726736772514,00000324,false,Rx,0,8,00,00,0E,34,34,00,00,00,
-1709726736772301,0000033B,false,Rx,0,8,00,00,00,33,00,00,00,00,
-1709726736772045,0000033D,false,Rx,0,8,00,00,10,20,00,28,00,00,
-1709726736771789,000003B7,false,Rx,0,8,00,00,00,00,00,0A,C8,00,
-1709726736771533,00000491,false,Rx,0,8,00,00,00,00,00,00,00,00,
-1709726736672382,00000323,false,Rx,0,8,00,00,00,00,00,00,1F,AD,
-1709726736672168,00000324,false,Rx,0,8,00,00,0E,34,34,00,00,00,
-1709726736671912,0000033B,false,Rx,0,8,00,00,00,33,00,00,00,00,
-1709726736671656,0000033D,false,Rx,0,8,00,00,10,20,00,28,00,00,
-1709726736671443,000003B7,false,Rx,0,8,00,00,00,00,00,0B,84,00,
-1709726736671187,00000491,false,Rx,0,8,00,00,00,00,00,00,00,00,
-1709726736572206,00000323,false,Rx,0,8,00,00,00,00,00,00,1F,AD,
-1709726736571950,00000324,false,Rx,0,8,00,00,0E,34,34,00,00,00,
-1709726736571695,0000033B,false,Rx,0,8,00,00,00,33,00,00,00,00,
-1709726736571439,0000033D,false,Rx,0,8,00,00,10,20,00,28,00,00,
-1709726736571225,000003B7,false,Rx,0,8,00,00,00,00,00,0C,7D,00,
-1709726736570969,00000491,false,Rx,0,8,00,00,00,00,00,00,00,00,
-1709726736471946,00000323,false,Rx,0,8,00,00,00,00,00,00,1F,AD,
-1709726736471690,00000324,false,Rx,0,8,00,00,0E,34,34,00,00,00,
-1709726736471434,0000033B,false,Rx,0,8,00,00,00,33,00,00,00,00,
-1709726736471178,0000033D,false,Rx,0,8,00,00,10,20,00,28,00,00,
-1709726736470965,000003B7,false,Rx,0,8,00,00,00,00,00,0D,31,00,
-1709726736470709,00000491,false,Rx,0,8,00,00,00,00,00,00,00,00,
-1709726736371600,00000323,false,Rx,0,8,00,00,00,00,00,00,1F,AD,
-1709726736371344,00000324,false,Rx,0,8,00,00,0E,34,34,00,00,00,
-1709726736371088,0000033B,false,Rx,0,8,00,00,00,33,00,00,00,00,
-1709726736370875,0000033D,false,Rx,0,8,00,00,10,20,00,28,00,00,
-1709726736370619,000003B7,false,Rx,0,8,00,00,00,00,00,0E,E5,00,
-1709726736370363,00000491,false,Rx,0,8,00,00,00,00,00,00,00,00,
-1709726736271162,00000323,false,Rx,0,8,00,00,00,00,00,00,1F,AD,
-1709726736270948,00000324,false,Rx,0,8,00,00,0E,34,34,00,00,00,
-1709726736270692,0000033B,false,Rx,0,8,00,00,00,33,00,00,00,00,
-1709726736270436,0000033D,false,Rx,0,8,00,00,10,20,00,28,00,00,
-1709726736270180,000003B7,false,Rx,0,8,00,00,00,00,00,00,0A,00,
-1709726736269967,00000491,false,Rx,0,8,00,00,00,00,00,00,00,00,
-1709726736171029,00000323,false,Rx,0,8,00,00,00,00,00,00,1D,65,
-1709726736170773,00000324,false,Rx,0,8,00,00,0E,34,34,00,00,00,
-1709726736170560,0000033B,false,Rx,0,8,00,00,00,33,00,00,00,00,
-1709726736170304,0000033D,false,Rx,0,8,00,00,10,20,00,28,00,00,
-1709726736170048,000003B7,false,Rx,0,8,00,00,00,00,00,01,46,00,
-1709726736169792,00000491,false,Rx,0,8,00,00,00,00,00,00,00,00,
-1709726736070854,00000323,false,Rx,0,8,00,00,00,00,00,00,1D,65,
-1709726736070641,00000324,false,Rx,0,8,00,00,0E,34,34,00,00,00,
-1709726736070385,0000033B,false,Rx,0,8,00,00,00,33,00,00,00,00,
-1709726736070129,0000033D,false,Rx,0,8,00,00,10,20,00,28,00,00,
-1709726736069873,000003B7,false,Rx,0,8,00,00,00,00,00,02,92,00,
-1709726736069617,00000491,false,Rx,0,8,00,00,00,00,00,00,00,00,
-1709726735970252,00000323,false,Rx,0,8,00,00,00,00,00,00,1D,65,
-1709726735969996,00000324,false,Rx,0,8,00,00,0E,34,34,00,00,00,
-1709726735969740,0000033B,false,Rx,0,8,00,00,00,33,00,00,00,00,
-1709726735969527,0000033D,false,Rx,0,8,00,00,10,20,00,28,00,00,
-1709726735969271,000003B7,false,Rx,0,8,00,00,00,00,00,03,DE,00,
-1709726735969015,00000491,false,Rx,0,8,00,00,00,00,00,00,00,00,
-1709726735870163,00000323,false,Rx,0,8,00,00,00,00,00,00,1D,65,
-1709726735869949,00000324,false,Rx,0,8,00,00,0E,34,34,00,00,00,
-1709726735869693,0000033B,false,Rx,0,8,00,00,00,33,00,00,00,00,
-1709726735869437,0000033D,false,Rx,0,8,00,00,10,20,00,28,00,00,
-1709726735869224,000003B7,false,Rx,0,8,00,00,00,00,00,04,27,00,
-1709726735868968,00000491,false,Rx,0,8,00,00,00,00,00,00,00,00,
-1709726735769817,00000323,false,Rx,0,8,00,00,00,00,00,00,1D,65,
-1709726735769561,00000324,false,Rx,0,8,00,00,0E,34,34,00,00,00,
-1709726735769305,0000033B,false,Rx,0,8,00,00,00,33,00,00,00,00,
-1709726735769092,0000033D,false,Rx,0,8,00,00,10,20,00,28,00,00,
-1709726735768836,000003B7,false,Rx,0,8,00,00,00,00,00,05,6B,00,
-1709726735768580,00000491,false,Rx,0,8,00,00,00,00,00,00,00,00,
-1709726735669685,00000323,false,Rx,0,8,00,00,00,00,00,00,1F,C5,
-1709726735669429,00000324,false,Rx,0,8,00,00,0E,34,34,00,00,00,
-1709726735669173,0000033B,false,Rx,0,8,00,00,00,33,00,00,00,00,
-1709726735668959,0000033D,false,Rx,0,8,00,00,10,20,00,28,00,00,
-1709726735668703,000003B7,false,Rx,0,8,00,00,00,00,00,06,BF,00,
-1709726735668447,00000491,false,Rx,0,8,00,00,00,00,00,00,00,00,
-1709726735569296,00000323,false,Rx,0,8,00,00,00,00,00,00,1F,C5,
-1709726735569040,00000324,false,Rx,0,8,00,00,0E,34,34,00,00,00,
-1709726735568784,0000033B,false,Rx,0,8,00,00,00,33,00,00,00,00,
-1709726735568528,0000033D,false,Rx,0,8,00,00,10,20,00,28,00,00,
-1709726735568315,000003B7,false,Rx,0,8,00,00,00,00,00,07,F3,00,
-1709726735568059,00000491,false,Rx,0,8,00,00,00,00,00,00,00,00,
-1709726735468822,00000323,false,Rx,0,8,00,00,00,00,00,00,1F,C5,
-1709726735468566,00000324,false,Rx,0,8,00,00,0E,34,34,00,00,00,
-1709726735468353,0000033B,false,Rx,0,8,00,00,00,33,00,00,00,00,
-1709726735468097,0000033D,false,Rx,0,8,00,00,10,20,00,28,00,00,
-1709726735467841,000003B7,false,Rx,0,8,00,00,00,00,00,08,50,00,
-1709726735467585,00000491,false,Rx,0,8,00,00,00,00,00,00,00,00,
-1709726735368690,00000323,false,Rx,0,8,00,00,00,00,00,00,1F,C5,
-1709726735368434,00000324,false,Rx,0,8,00,00,0E,34,34,00,00,00,
-1709726735368178,0000033B,false,Rx,0,8,00,00,00,33,00,00,00,00,
-1709726735367965,0000033D,false,Rx,0,8,00,00,10,20,00,28,00,00,
-1709726735367709,000003B7,false,Rx,0,8,00,00,00,00,00,09,1C,00,
-1709726735367453,00000491,false,Rx,0,8,00,00,00,00,00,00,00,00,
-1709726735268229,00000323,false,Rx,0,8,00,00,00,00,00,00,1F,C5,
-1709726735267973,00000324,false,Rx,0,8,00,00,0E,34,34,00,00,00,
-1709726735267760,0000033B,false,Rx,0,8,00,00,00,33,00,00,00,00,
-1709726735267504,0000033D,false,Rx,0,8,00,00,10,20,00,28,00,00,
-1709726735267248,000003B7,false,Rx,0,8,00,00,00,00,00,0A,C8,00,
-1709726735266992,00000491,false,Rx,0,8,00,00,00,00,00,00,00,00,
-1709726735168054,00000323,false,Rx,0,8,00,00,00,00,00,00,00,00,
-1709726735167798,00000324,false,Rx,0,8,00,00,0E,34,34,00,00,00,
-1709726735167542,0000033B,false,Rx,0,8,00,00,00,33,00,00,00,00,
-1709726735167286,0000033D,false,Rx,0,8,00,00,10,20,00,28,00,00,
-1709726735167073,000003B7,false,Rx,0,8,00,00,00,00,00,0B,84,00,
-1709726735166817,00000491,false,Rx,0,8,00,00,00,00,00,00,00,00,
-1709726735067751,00000323,false,Rx,0,8,00,00,00,00,00,00,00,00,
-1709726735067495,00000324,false,Rx,0,8,00,00,0E,34,34,00,00,00,
-1709726735067282,0000033B,false,Rx,0,8,00,00,00,33,00,00,00,00,
-1709726735067026,0000033D,false,Rx,0,8,00,00,10,20,00,28,00,00,
-1709726735066770,000003B7,false,Rx,0,8,00,00,00,00,00,0C,7D,00,
-1709726735066514,00000491,false,Rx,0,8,00,00,00,00,00,00,00,00,
-1709726734967405,00000323,false,Rx,0,8,00,00,00,00,00,00,00,00,
-1709726734967149,00000324,false,Rx,0,8,00,00,0E,34,34,00,00,00,
-1709726734966893,0000033B,false,Rx,0,8,00,00,00,33,00,00,00,00,
-1709726734966637,0000033D,false,Rx,0,8,00,00,10,20,00,28,00,00,
-1709726734966424,000003B7,false,Rx,0,8,00,00,00,00,00,0D,31,00,
-1709726734966168,00000491,false,Rx,0,8,00,00,00,00,00,00,00,00,
-1709726734867230,00000323,false,Rx,0,8,00,00,00,00,00,00,00,00,
-1709726734867017,00000324,false,Rx,0,8,00,00,0E,34,34,00,00,00,
-1709726734866761,0000033B,false,Rx,0,8,00,00,00,33,00,00,00,00,
-1709726734866505,0000033D,false,Rx,0,8,00,00,10,20,00,28,00,00,
-1709726734866249,000003B7,false,Rx,0,8,00,00,00,00,00,0E,E5,00,
-1709726734865993,00000491,false,Rx,0,8,00,00,00,00,00,00,00,00,
-1709726734766799,00000323,false,Rx,0,8,00,00,00,00,00,00,00,00,
-1709726734766543,00000324,false,Rx,0,8,00,00,0E,34,34,00,00,00,
-1709726734766287,0000033B,false,Rx,0,8,00,00,00,33,00,00,00,00,
-1709726734766031,0000033D,false,Rx,0,8,00,00,10,20,00,28,00,00,
-1709726734765818,000003B7,false,Rx,0,8,00,00,00,00,00,00,0A,00,
-1709726734765562,00000491,false,Rx,0,8,00,00,00,00,00,00,00,00,
-1709726734666581,00000323,false,Rx,0,8,00,00,00,00,00,00,1F,AD,
-1709726734666368,00000324,false,Rx,0,8,00,00,0E,34,34,00,00,00,
-1709726734666112,0000033B,false,Rx,0,8,00,00,00,33,00,00,00,00,
-1709726734665856,0000033D,false,Rx,0,8,00,00,10,20,00,28,00,00,
-1709726734665600,000003B7,false,Rx,0,8,00,00,00,00,00,01,46,00,
-1709726734665344,00000491,false,Rx,0,8,00,00,00,00,00,00,00,00,
-1709726734566193,00000323,false,Rx,0,8,00,00,00,00,00,00,1F,AD,
-1709726734565980,00000324,false,Rx,0,8,00,00,0E,34,34,00,00,00,
-1709726734565724,0000033B,false,Rx,0,8,00,00,00,33,00,00,00,00,
-1709726734565468,0000033D,false,Rx,0,8,00,00,10,20,00,28,00,00,
-1709726734565212,000003B7,false,Rx,0,8,00,00,00,00,00,02,92,00,
-1709726734564956,00000491,false,Rx,0,8,00,00,00,00,00,00,00,00,
-1709726734465975,00000323,false,Rx,0,8,00,00,00,00,00,00,1F,AD,
-1709726734465719,00000324,false,Rx,0,8,00,00,0E,34,34,00,00,00,
-1709726734465463,0000033B,false,Rx,0,8,00,00,00,33,00,00,00,00,
-1709726734465207,0000033D,false,Rx,0,8,00,00,10,20,00,28,00,00,
-1709726734464994,000003B7,false,Rx,0,8,00,00,00,00,00,03,DE,00,
-1709726734464738,00000491,false,Rx,0,8,00,00,00,00,00,00,00,00,
-1709726734365629,00000323,false,Rx,0,8,00,00,00,00,00,00,1F,AD,
-1709726734365416,00000324,false,Rx,0,8,00,00,0E,34,34,00,00,00,
-1709726734365160,0000033B,false,Rx,0,8,00,00,00,33,00,00,00,00,
-1709726734364904,0000033D,false,Rx,0,8,00,00,10,20,00,28,00,00,
-1709726734364691,000003B7,false,Rx,0,8,00,00,00,00,00,04,27,00,
-1709726734364435,00000491,false,Rx,0,8,00,00,00,00,00,00,00,00,
-1709726734265467,00000323,false,Rx,0,8,00,00,00,00,00,00,1F,AD,
-1709726734265211,00000324,false,Rx,0,8,00,00,0E,34,34,00,00,00,
-1709726734264955,0000033B,false,Rx,0,8,00,00,00,33,00,00,00,00,
-1709726734264742,0000033D,false,Rx,0,8,00,00,10,20,00,28,00,00,
-1709726734264486,000003B7,false,Rx,0,8,00,00,00,00,00,05,6B,00,
-1709726734264230,00000491,false,Rx,0,8,00,00,00,00,00,00,00,00,
-1709726734165079,00000323,false,Rx,0,8,00,00,00,00,00,00,1D,65,
-1709726734164823,00000324,false,Rx,0,8,00,00,0E,34,34,00,00,00,
-1709726734164609,0000033B,false,Rx,0,8,00,00,00,33,00,00,00,00,
-1709726734164353,0000033D,false,Rx,0,8,00,00,10,20,00,28,00,00,
-1709726734164097,000003B7,false,Rx,0,8,00,00,00,00,00,06,BF,00,
-1709726734163841,00000491,false,Rx,0,8,00,00,00,00,00,00,00,00,
-1709726734064904,00000323,false,Rx,0,8,00,00,00,00,00,00,1D,65,
-1709726734064690,00000324,false,Rx,0,8,00,00,0E,34,34,00,00,00,
-1709726734064434,0000033B,false,Rx,0,8,00,00,00,33,00,00,00,00,
-1709726734064178,0000033D,false,Rx,0,8,00,00,10,20,00,28,00,00,
-1709726734063922,000003B7,false,Rx,0,8,00,00,00,00,00,07,F3,00,
-1709726734063709,00000491,false,Rx,0,8,00,00,00,00,00,00,00,00,
-1709726733964472,00000323,false,Rx,0,8,00,00,00,00,00,00,1D,65,
-1709726733964216,00000324,false,Rx,0,8,00,00,0E,34,34,00,00,00,
-1709726733963961,0000033B,false,Rx,0,8,00,00,00,33,00,00,00,00,
-1709726733963705,0000033D,false,Rx,0,8,00,00,10,20,00,28,00,00,
-1709726733963491,000003B7,false,Rx,0,8,00,00,00,00,00,08,50,00,
-1709726733963235,00000491,false,Rx,0,8,00,00,00,00,00,00,00,00,
-1709726733864297,00000323,false,Rx,0,8,00,00,00,00,00,00,1D,65,
-1709726733864041,00000324,false,Rx,0,8,00,00,0E,34,34,00,00,00,
-1709726733863785,0000033B,false,Rx,0,8,00,00,00,33,00,00,00,00,
-1709726733863572,0000033D,false,Rx,0,8,00,00,10,20,00,28,00,00,
-1709726733863316,000003B7,false,Rx,0,8,00,00,00,00,00,09,1C,00,
-1709726733863060,00000491,false,Rx,0,8,00,00,00,00,00,00,00,00,
-1709726733764122,00000323,false,Rx,0,8,00,00,00,00,00,00,1D,65,
-1709726733763866,00000324,false,Rx,0,8,00,00,0E,34,34,00,00,00,
-1709726733763610,0000033B,false,Rx,0,8,00,00,00,33,00,00,00,00,
-1709726733763397,0000033D,false,Rx,0,8,00,00,10,20,00,28,00,00,
-1709726733763141,000003B7,false,Rx,0,8,00,00,00,00,00,0A,C8,00,
-1709726733762885,00000491,false,Rx,0,8,00,00,00,00,00,00,00,00,
-1709726733663521,00000323,false,Rx,0,8,00,00,00,00,00,00,1F,C5,
-1709726733663265,00000324,false,Rx,0,8,00,00,0E,34,34,00,00,00,
-1709726733663051,0000033B,false,Rx,0,8,00,00,00,33,00,00,00,00,
-1709726733662795,0000033D,false,Rx,0,8,00,00,10,20,00,28,00,00,
-1709726733662539,000003B7,false,Rx,0,8,00,00,00,00,00,0B,84,00,
-1709726733662283,00000491,false,Rx,0,8,00,00,00,00,00,00,00,00,
-1709726733563303,00000323,false,Rx,0,8,00,00,00,00,00,00,1F,C5,
-1709726733563047,00000324,false,Rx,0,8,00,00,0E,34,34,00,00,00,
-1709726733562791,0000033B,false,Rx,0,8,00,00,00,33,00,00,00,00,
-1709726733562578,0000033D,false,Rx,0,8,00,00,10,20,00,28,00,00,
-1709726733562322,000003B7,false,Rx,0,8,00,00,00,00,00,0C,7D,00,
-1709726733562066,00000491,false,Rx,0,8,00,00,00,00,00,00,00,00,
-1709726733463170,00000323,false,Rx,0,8,00,00,00,00,00,00,1F,C5,
-1709726733462914,00000324,false,Rx,0,8,00,00,0E,34,34,00,00,00,
-1709726733462701,0000033B,false,Rx,0,8,00,00,00,33,00,00,00,00,
-1709726733462445,0000033D,false,Rx,0,8,00,00,10,20,00,28,00,00,
-1709726733462189,000003B7,false,Rx,0,8,00,00,00,00,00,0D,31,00,
-1709726733461933,00000491,false,Rx,0,8,00,00,00,00,00,00,00,00,
-1709726733362697,00000323,false,Rx,0,8,00,00,00,00,00,00,1F,C5,
-1709726733362483,00000324,false,Rx,0,8,00,00,0E,34,34,00,00,00,
-1709726733362227,0000033B,false,Rx,0,8,00,00,00,33,00,00,00,00,
-1709726733361971,0000033D,false,Rx,0,8,00,00,10,20,00,28,00,00,
-1709726733361715,000003B7,false,Rx,0,8,00,00,00,00,00,0E,E5,00,
-1709726733361460,00000491,false,Rx,0,8,00,00,00,00,00,00,00,00,
-1709726733262449,00000323,false,Rx,0,8,00,00,00,00,00,00,1F,C5,
-1709726733262193,00000324,false,Rx,0,8,00,00,0E,34,34,00,00,00,
-1709726733261937,0000033B,false,Rx,0,8,00,00,00,33,00,00,00,00,
-1709726733261724,0000033D,false,Rx,0,8,00,00,10,20,00,28,00,00,
-1709726733261468,000003B7,false,Rx,0,8,00,00,00,00,00,00,0A,00,
-1709726733261212,00000491,false,Rx,0,8,00,00,00,00,00,00,00,00,
-1709726733162018,00000323,false,Rx,0,8,00,00,00,00,00,00,00,00,
-1709726733161805,00000324,false,Rx,0,8,00,00,0E,34,34,00,00,00,
-1709726733161549,0000033B,false,Rx,0,8,00,00,00,33,00,00,00,00,
-1709726733161293,0000033D,false,Rx,0,8,00,00,10,20,00,28,00,00,
-1709726733161037,000003B7,false,Rx,0,8,00,00,00,00,00,01,46,00,
-1709726733160781,00000491,false,Rx,0,8,00,00,00,00,00,00,00,00,
-1709726733061886,00000323,false,Rx,0,8,00,00,00,00,00,00,00,00,
-1709726733061630,00000324,false,Rx,0,8,00,00,0E,34,34,00,00,00,
-1709726733061416,0000033B,false,Rx,0,8,00,00,00,33,00,00,00,00,
-1709726733061160,0000033D,false,Rx,0,8,00,00,10,20,00,28,00,00,
-1709726733060904,000003B7,false,Rx,0,8,00,00,00,00,00,02,92,00,
-1709726733060648,00000491,false,Rx,0,8,00,00,00,00,00,00,00,00,
-1709726732961540,00000323,false,Rx,0,8,00,00,00,00,00,00,00,00,
-1709726732961327,00000324,false,Rx,0,8,00,00,0E,34,34,00,00,00,
-1709726732961071,0000033B,false,Rx,0,8,00,00,00,33,00,00,00,00,
-1709726732960815,0000033D,false,Rx,0,8,00,00,10,20,00,28,00,00,
-1709726732960559,000003B7,false,Rx,0,8,00,00,00,00,00,03,DE,00,
-1709726732960345,00000491,false,Rx,0,8,00,00,00,00,00,00,00,00,
-1709726732861279,00000323,false,Rx,0,8,00,00,00,00,00,00,00,00,
-1709726732861066,00000324,false,Rx,0,8,00,00,0E,34,34,00,00,00,
-1709726732860810,0000033B,false,Rx,0,8,00,00,00,33,00,00,00,00,
-1709726732860554,0000033D,false,Rx,0,8,00,00,10,20,00,28,00,00,
-1709726732860341,000003B7,false,Rx,0,8,00,00,00,00,00,04,27,00,
-1709726732860085,00000491,false,Rx,0,8,00,00,00,00,00,00,00,00,
-1709726732760976,00000323,false,Rx,0,8,00,00,00,00,00,00,00,00,
-1709726732760720,00000324,false,Rx,0,8,00,00,0E,34,34,00,00,00,
-1709726732760464,0000033B,false,Rx,0,8,00,00,00,33,00,00,00,00,
-1709726732760208,0000033D,false,Rx,0,8,00,00,10,20,00,28,00,00,
-1709726732759995,000003B7,false,Rx,0,8,00,00,00,00,00,05,6B,00,
-1709726732759739,00000491,false,Rx,0,8,00,00,00,00,00,00,00,00,
-1709726732660716,00000323,false,Rx,0,8,00,00,00,00,00,00,1F,AD,
-1709726732660460,00000324,false,Rx,0,8,00,00,0E,34,34,00,00,00,
-1709726732660204,0000033B,false,Rx,0,8,00,00,00,33,00,00,00,00,
-1709726732659991,0000033D,false,Rx,0,8,00,00,10,20,00,28,00,00,
-1709726732659735,000003B7,false,Rx,0,8,00,00,00,00,00,06,BF,00,
-1709726732659479,00000491,false,Rx,0,8,00,00,00,00,00,00,00,00,
-1709726732560285,00000323,false,Rx,0,8,00,00,00,00,00,00,1F,AD,
-1709726732560072,00000324,false,Rx,0,8,00,00,0E,34,34,00,00,00,
-1709726732559816,0000033B,false,Rx,0,8,00,00,00,33,00,00,00,00,
-1709726732559560,0000033D,false,Rx,0,8,00,00,10,20,00,28,00,00,
-1709726732559304,000003B7,false,Rx,0,8,00,00,00,00,00,07,F3,00,
-1709726732559090,00000491,false,Rx,0,8,00,00,00,00,00,00,00,00,
-1709726732460110,00000323,false,Rx,0,8,00,00,00,00,00,00,1F,AD,
-1709726732459897,00000324,false,Rx,0,8,00,00,0E,34,34,00,00,00,
-1709726732459641,0000033B,false,Rx,0,8,00,00,00,33,00,00,00,00,
-1709726732459385,0000033D,false,Rx,0,8,00,00,10,20,00,28,00,00,
-1709726732459171,000003B7,false,Rx,0,8,00,00,00,00,00,08,50,00,
-1709726732458915,00000491,false,Rx,0,8,00,00,00,00,00,00,00,00,
-1709726732359679,00000323,false,Rx,0,8,00,00,00,00,00,00,1F,AD,
-1709726732359465,00000324,false,Rx,0,8,00,00,0E,34,34,00,00,00,
-1709726732359209,0000033B,false,Rx,0,8,00,00,00,33,00,00,00,00,
-1709726732358953,0000033D,false,Rx,0,8,00,00,10,20,00,28,00,00,
-1709726732358698,000003B7,false,Rx,0,8,00,00,00,00,00,09,1C,00,
-1709726732358442,00000491,false,Rx,0,8,00,00,00,00,00,00,00,00,
-1709726732259528,00000323,false,Rx,0,8,00,00,00,00,00,00,1F,AD,
-1709726732259272,00000324,false,Rx,0,8,00,00,0E,34,34,00,00,00,
-1709726732259059,0000033B,false,Rx,0,8,00,00,00,33,00,00,00,00,
-1709726732258803,0000033D,false,Rx,0,8,00,00,10,20,00,28,00,00,
-1709726732258547,000003B7,false,Rx,0,8,00,00,00,00,00,0A,C8,00,
-1709726732258291,00000491,false,Rx,0,8,00,00,00,00,00,00,00,00,
-1709726732159097,00000323,false,Rx,0,8,00,00,00,00,00,00,1D,65,
-1709726732158841,00000324,false,Rx,0,8,00,00,0E,34,34,00,00,00,
-1709726732158585,0000033B,false,Rx,0,8,00,00,00,33,00,00,00,00,
-1709726732158372,0000033D,false,Rx,0,8,00,00,10,20,00,28,00,00,
-1709726732158116,000003B7,false,Rx,0,8,00,00,00,00,00,0B,84,00,
-1709726732157860,00000491,false,Rx,0,8,00,00,00,00,00,00,00,00,
-1709726732058880,00000323,false,Rx,0,8,00,00,00,00,00,00,1D,65,
-1709726732058624,00000324,false,Rx,0,8,00,00,0E,34,34,00,00,00,
-1709726732058368,0000033B,false,Rx,0,8,00,00,00,33,00,00,00,00,
-1709726732058112,0000033D,false,Rx,0,8,00,00,10,20,00,28,00,00,
-1709726732057898,000003B7,false,Rx,0,8,00,00,00,00,00,0C,7D,00,
-1709726732057642,00000491,false,Rx,0,8,00,00,00,00,00,00,00,00,
-1709726731958449,00000323,false,Rx,0,8,00,00,00,00,00,00,1D,65,
-1709726731958193,00000324,false,Rx,0,8,00,00,0E,34,34,00,00,00,
-1709726731957937,0000033B,false,Rx,0,8,00,00,00,33,00,00,00,00,
-1709726731957723,0000033D,false,Rx,0,8,00,00,10,20,00,28,00,00,
-1709726731957467,000003B7,false,Rx,0,8,00,00,00,00,00,0D,31,00,
-1709726731957211,00000491,false,Rx,0,8,00,00,00,00,00,00,00,00,
-1709726731858188,00000323,false,Rx,0,8,00,00,00,00,00,00,1D,65,
-1709726731857975,00000324,false,Rx,0,8,00,00,0E,34,34,00,00,00,
-1709726731857719,0000033B,false,Rx,0,8,00,00,00,33,00,00,00,00,
-1709726731857463,0000033D,false,Rx,0,8,00,00,10,20,00,28,00,00,
-1709726731857207,000003B7,false,Rx,0,8,00,00,00,00,00,0E,E5,00,
-1709726731856994,00000491,false,Rx,0,8,00,00,00,00,00,00,00,00,
-1709726731757928,00000323,false,Rx,0,8,00,00,00,00,00,00,1D,65,
-1709726731757672,00000324,false,Rx,0,8,00,00,0E,34,34,00,00,00,
-1709726731757458,0000033B,false,Rx,0,8,00,00,00,33,00,00,00,00,
-1709726731757202,0000033D,false,Rx,0,8,00,00,10,20,00,28,00,00,
-1709726731756946,000003B7,false,Rx,0,8,00,00,00,00,00,00,0A,00,
-1709726731756690,00000491,false,Rx,0,8,00,00,00,00,00,00,00,00,
-1709726731657667,00000323,false,Rx,0,8,00,00,00,00,00,00,1F,C5,
-1709726731657411,00000324,false,Rx,0,8,00,00,0E,34,34,00,00,00,
-1709726731657198,0000033B,false,Rx,0,8,00,00,00,33,00,00,00,00,
-1709726731656942,0000033D,false,Rx,0,8,00,00,10,20,00,28,00,00,
-1709726731656686,000003B7,false,Rx,0,8,00,00,00,00,00,01,46,00,
-1709726731656430,00000491,false,Rx,0,8,00,00,00,00,00,00,00,00,
-1709726731557279,00000323,false,Rx,0,8,00,00,00,00,00,00,1F,C5,
-1709726731557066,00000324,false,Rx,0,8,00,00,0E,34,34,00,00,00,
-1709726731556810,0000033B,false,Rx,0,8,00,00,00,33,00,00,00,00,
-1709726731556554,0000033D,false,Rx,0,8,00,00,10,20,00,28,00,00,
-1709726731556298,000003B7,false,Rx,0,8,00,00,00,00,00,02,92,00,
-1709726731556084,00000491,false,Rx,0,8,00,00,00,00,00,00,00,00,
-1709726731457104,00000323,false,Rx,0,8,00,00,00,00,00,00,1F,C5,
-1709726731456848,00000324,false,Rx,0,8,00,00,0E,34,34,00,00,00,
-1709726731456592,0000033B,false,Rx,0,8,00,00,00,33,00,00,00,00,
-1709726731456336,0000033D,false,Rx,0,8,00,00,10,20,00,28,00,00,
-1709726731456123,000003B7,false,Rx,0,8,00,00,00,00,00,03,DE,00,
-1709726731455867,00000491,false,Rx,0,8,00,00,00,00,00,00,00,00,
-1709726731356673,00000323,false,Rx,0,8,00,00,00,00,00,00,1F,C5,
-1709726731356417,00000324,false,Rx,0,8,00,00,0E,34,35,00,00,00,
-1709726731356161,0000033B,false,Rx,0,8,00,00,00,33,00,00,00,00,
-1709726731355948,0000033D,false,Rx,0,8,00,00,10,20,00,28,00,00,
-1709726731355692,000003B7,false,Rx,0,8,00,00,00,00,00,04,27,00,
-1709726731355436,00000491,false,Rx,0,8,00,00,00,00,00,00,00,00,
-1709726731256553,00000323,false,Rx,0,8,00,00,00,00,00,00,1F,C5,
-1709726731256297,00000324,false,Rx,0,8,00,00,0E,34,35,00,00,00,
-1709726731256041,0000033B,false,Rx,0,8,00,00,00,33,00,00,00,00,
-1709726731255828,0000033D,false,Rx,0,8,00,00,10,20,00,28,00,00,
-1709726731255572,000003B7,false,Rx,0,8,00,00,00,00,00,05,6B,00,
-1709726731255316,00000491,false,Rx,0,8,00,00,00,00,00,00,00,00,
-1709726731156165,00000323,false,Rx,0,8,00,00,00,00,00,00,00,00,
-1709726731155909,00000324,false,Rx,0,8,00,00,0E,34,35,00,00,00,
-1709726731155653,0000033B,false,Rx,0,8,00,00,00,33,00,00,00,00,
-1709726731155439,0000033D,false,Rx,0,8,00,00,10,20,00,28,00,00,
-1709726731155183,000003B7,false,Rx,0,8,00,00,00,00,00,06,BF,00,
-1709726731154927,00000491,false,Rx,0,8,00,00,00,00,00,00,00,00,
-1709726731055904,00000323,false,Rx,0,8,00,00,00,00,00,00,00,00,
-1709726731055648,00000324,false,Rx,0,8,00,00,0E,34,35,00,00,00,
-1709726731055392,0000033B,false,Rx,0,8,00,00,00,33,00,00,00,00,
-1709726731055179,0000033D,false,Rx,0,8,00,00,10,20,00,28,00,00,
-1709726731054923,000003B7,false,Rx,0,8,00,00,00,00,00,07,F3,00,
-1709726731054667,00000491,false,Rx,0,8,00,00,00,00,00,00,00,00,
-1709726730955516,00000323,false,Rx,0,8,00,00,00,00,00,00,00,00,
-1709726730955260,00000324,false,Rx,0,8,00,00,0E,34,35,00,00,00,
-1709726730955047,0000033B,false,Rx,0,8,00,00,00,33,00,00,00,00,
-1709726730954791,0000033D,false,Rx,0,8,00,00,10,20,00,28,00,00,
-1709726730954535,000003B7,false,Rx,0,8,00,00,00,00,00,08,50,00,
-1709726730954279,00000491,false,Rx,0,8,00,00,00,00,00,00,00,00,
-1709726730855255,00000323,false,Rx,0,8,00,00,00,00,00,00,00,00,
-1709726730854999,00000324,false,Rx,0,8,00,00,0E,34,35,00,00,00,
-1709726730854744,0000033B,false,Rx,0,8,00,00,00,33,00,00,00,00,
-1709726730854488,0000033D,false,Rx,0,8,00,00,10,20,00,28,00,00,
-1709726730854274,000003B7,false,Rx,0,8,00,00,00,00,00,09,1C,00,
-1709726730854018,00000491,false,Rx,0,8,00,00,00,00,00,00,00,00,
-1709726730754910,00000323,false,Rx,0,8,00,00,00,00,00,00,00,00,
-1709726730754654,00000324,false,Rx,0,8,00,00,0E,34,35,00,00,00,
-1709726730754398,0000033B,false,Rx,0,8,00,00,00,33,00,00,00,00,
-1709726730754142,0000033D,false,Rx,0,8,00,00,10,20,00,28,00,00,
-1709726730753928,000003B7,false,Rx,0,8,00,00,00,00,00,0A,C8,00,
-1709726730753672,00000491,false,Rx,0,8,00,00,00,00,00,00,00,00,
-1709726730654692,00000323,false,Rx,0,8,00,00,00,00,00,00,1F,AD,
-1709726730654436,00000324,false,Rx,0,8,00,00,0E,34,35,00,00,00,
-1709726730654180,0000033B,false,Rx,0,8,00,00,00,33,00,00,00,00,
-1709726730653967,0000033D,false,Rx,0,8,00,00,10,20,00,28,00,00,
-1709726730653711,000003B7,false,Rx,0,8,00,00,00,00,00,0B,84,00,
-1709726730653455,00000491,false,Rx,0,8,00,00,00,00,00,00,00,00,
-1709726730554218,00000323,false,Rx,0,8,00,00,00,00,00,00,1F,AD,
-1709726730553962,00000324,false,Rx,0,8,00,00,0E,34,35,00,00,00,
-1709726730553749,0000033B,false,Rx,0,8,00,00,00,33,00,00,00,00,
-1709726730553493,0000033D,false,Rx,0,8,00,00,10,20,00,28,00,00,
-1709726730553237,000003B7,false,Rx,0,8,00,00,00,00,00,0C,7D,00,
-1709726730552981,00000491,false,Rx,0,8,00,00,00,00,00,00,00,00,
-1709726730454043,00000323,false,Rx,0,8,00,00,00,00,00,00,1F,AD,
-1709726730453787,00000324,false,Rx,0,8,00,00,0E,34,35,00,00,00,
-1709726730453531,0000033B,false,Rx,0,8,00,00,00,33,00,00,00,00,
-1709726730453318,0000033D,false,Rx,0,8,00,00,10,20,00,28,00,00,
-1709726730453062,000003B7,false,Rx,0,8,00,00,00,00,00,0D,31,00,
-1709726730452806,00000491,false,Rx,0,8,00,00,00,00,00,00,00,00,
-1709726730353740,00000323,false,Rx,0,8,00,00,00,00,00,00,1F,AD,
-1709726730353484,00000324,false,Rx,0,8,00,00,0E,34,35,00,00,00,
-1709726730353228,0000033B,false,Rx,0,8,00,00,00,33,00,00,00,00,
-1709726730352972,0000033D,false,Rx,0,8,00,00,10,20,00,28,00,00,
-1709726730352759,000003B7,false,Rx,0,8,00,00,00,00,00,0E,E5,00,
-1709726730352503,00000491,false,Rx,0,8,00,00,00,00,00,00,00,00,
-1709726730253160,00000323,false,Rx,0,8,00,00,00,00,00,00,1F,AD,
-1709726730252947,00000324,false,Rx,0,8,00,00,0E,34,35,00,00,00,
-1709726730252691,0000033B,false,Rx,0,8,00,00,00,33,00,00,00,00,
-1709726730252435,0000033D,false,Rx,0,8,00,00,10,20,00,28,00,00,
-1709726730252179,000003B7,false,Rx,0,8,00,00,00,00,00,00,0A,00,
-1709726730251966,00000491,false,Rx,0,8,00,00,00,00,00,00,00,00,
-1709726730153070,00000323,false,Rx,0,8,00,00,00,00,00,00,1D,65,
-1709726730152857,00000324,false,Rx,0,8,00,00,0E,34,35,00,00,00,
-1709726730152601,0000033B,false,Rx,0,8,00,00,00,33,00,00,00,00,
-1709726730152345,0000033D,false,Rx,0,8,00,00,10,20,00,28,00,00,
-1709726730152089,000003B7,false,Rx,0,8,00,00,00,00,00,01,46,00,
-1709726730151833,00000491,false,Rx,0,8,00,00,00,00,00,00,00,00,
-1709726730052938,00000323,false,Rx,0,8,00,00,00,00,00,00,1D,65,
-1709726730052682,00000324,false,Rx,0,8,00,00,0E,34,35,00,00,00,
-1709726730052426,0000033B,false,Rx,0,8,00,00,00,33,00,00,00,00,
-1709726730052170,0000033D,false,Rx,0,8,00,00,10,20,00,28,00,00,
-1709726730051957,000003B7,false,Rx,0,8,00,00,00,00,00,02,92,00,
-1709726730051701,00000491,false,Rx,0,8,00,00,00,00,00,00,00,00,
-1709726729952507,00000323,false,Rx,0,8,00,00,00,00,00,00,1D,65,
-1709726729952294,00000324,false,Rx,0,8,00,00,0E,34,35,00,00,00,
-1709726729952038,0000033B,false,Rx,0,8,00,00,00,33,00,00,00,00,
-1709726729951782,0000033D,false,Rx,0,8,00,00,10,20,00,28,00,00,
-1709726729951526,000003B7,false,Rx,0,8,00,00,00,00,00,03,DE,00,
-1709726729951312,00000491,false,Rx,0,8,00,00,00,00,00,00,00,00,
-1709726729852247,00000323,false,Rx,0,8,00,00,00,00,00,00,1D,65,
-1709726729852033,00000324,false,Rx,0,8,00,00,0E,34,35,00,00,00,
-1709726729851777,0000033B,false,Rx,0,8,00,00,00,33,00,00,00,00,
-1709726729851521,0000033D,false,Rx,0,8,00,00,10,20,00,28,00,00,
-1709726729851265,000003B7,false,Rx,0,8,00,00,00,00,00,04,27,00,
-1709726729851009,00000491,false,Rx,0,8,00,00,00,00,00,00,00,00,
-1709726729751943,00000323,false,Rx,0,8,00,00,00,00,00,00,1D,65,
-1709726729751687,00000324,false,Rx,0,8,00,00,0E,34,35,00,00,00,
-1709726729751431,0000033B,false,Rx,0,8,00,00,00,33,00,00,00,00,
-1709726729751175,0000033D,false,Rx,0,8,00,00,10,20,00,28,00,00,
-1709726729750962,000003B7,false,Rx,0,8,00,00,00,00,00,05,6B,00,
-1709726729750706,00000491,false,Rx,0,8,00,00,00,00,00,00,00,00,
-1709726729651726,00000323,false,Rx,0,8,00,00,00,00,00,00,1F,C5,
-1709726729651470,00000324,false,Rx,0,8,00,00,0E,34,35,00,00,00,
-1709726729651214,0000033B,false,Rx,0,8,00,00,00,33,00,00,00,00,
-1709726729650958,0000033D,false,Rx,0,8,00,00,10,20,00,28,00,00,
-1709726729650744,000003B7,false,Rx,0,8,00,00,00,00,00,06,BF,00,
-1709726729650488,00000491,false,Rx,0,8,00,00,00,00,00,00,00,00,
-1709726729551209,00000323,false,Rx,0,8,00,00,00,00,00,00,1F,C5,
-1709726729550996,00000324,false,Rx,0,8,00,00,0E,34,35,00,00,00,
-1709726729550740,0000033B,false,Rx,0,8,00,00,00,33,00,00,00,00,
-1709726729550484,0000033D,false,Rx,0,8,00,00,10,20,00,28,00,00,
-1709726729550228,000003B7,false,Rx,0,8,00,00,00,00,00,07,F3,00,
-1709726729550015,00000491,false,Rx,0,8,00,00,00,00,00,00,00,00,
-1709726729451077,00000323,false,Rx,0,8,00,00,00,00,00,00,1F,C5,
-1709726729450821,00000324,false,Rx,0,8,00,00,0E,34,35,00,00,00,
-1709726729450608,0000033B,false,Rx,0,8,00,00,00,33,00,00,00,00,
-1709726729450352,0000033D,false,Rx,0,8,00,00,10,20,00,28,00,00,
-1709726729450096,000003B7,false,Rx,0,8,00,00,00,00,00,08,50,00,
-1709726729449840,00000491,false,Rx,0,8,00,00,00,00,00,00,00,00,
-1709726729350689,00000323,false,Rx,0,8,00,00,00,00,00,00,1F,C5,
-1709726729350433,00000324,false,Rx,0,8,00,00,0E,34,35,00,00,00,
-1709726729350177,0000033B,false,Rx,0,8,00,00,00,33,00,00,00,00,
-1709726729349963,0000033D,false,Rx,0,8,00,00,10,20,00,28,00,00,
-1709726729349707,000003B7,false,Rx,0,8,00,00,00,00,00,09,1C,00,
-1709726729349451,00000491,false,Rx,0,8,00,00,00,00,00,00,00,00,
-1709726729250398,00000323,false,Rx,0,8,00,00,00,00,00,00,1F,C5,
-1709726729250142,00000324,false,Rx,0,8,00,00,0E,34,35,00,00,00,
-1709726729249886,0000033B,false,Rx,0,8,00,00,00,33,00,00,00,00,
-1709726729249673,0000033D,false,Rx,0,8,00,00,10,20,00,28,00,00,
-1709726729249417,000003B7,false,Rx,0,8,00,00,00,00,00,0A,C8,00,
-1709726729249161,00000491,false,Rx,0,8,00,00,00,00,00,00,00,00,
-1709726729150052,00000323,false,Rx,0,8,00,00,00,00,00,00,00,00,
-1709726729149796,00000324,false,Rx,0,8,00,00,0E,34,35,00,00,00,
-1709726729149583,0000033B,false,Rx,0,8,00,00,00,33,00,00,00,00,
-1709726729149327,0000033D,false,Rx,0,8,00,00,10,20,00,28,00,00,
-1709726729149071,000003B7,false,Rx,0,8,00,00,00,00,00,0B,84,00,
-1709726729148815,00000491,false,Rx,0,8,00,00,00,00,00,00,00,00,
-1709726729049877,00000323,false,Rx,0,8,00,00,00,00,00,00,00,00,
-1709726729049621,00000324,false,Rx,0,8,00,00,0E,34,35,00,00,00,
-1709726729049408,0000033B,false,Rx,0,8,00,00,00,33,00,00,00,00,
-1709726729049152,0000033D,false,Rx,0,8,00,00,10,20,00,28,00,00,
-1709726729048896,000003B7,false,Rx,0,8,00,00,00,00,00,0C,7D,00,
-1709726729048640,00000491,false,Rx,0,8,00,00,00,00,00,00,00,00,
-1709726728949617,00000323,false,Rx,0,8,00,00,00,00,00,00,00,00,
-1709726728949361,00000324,false,Rx,0,8,00,00,0E,34,35,00,00,00,
-1709726728949105,0000033B,false,Rx,0,8,00,00,00,33,00,00,00,00,
-1709726728948849,0000033D,false,Rx,0,8,00,00,10,20,00,28,00,00,
-1709726728948636,000003B7,false,Rx,0,8,00,00,00,00,00,0D,31,00,
-1709726728948380,00000491,false,Rx,0,8,00,00,00,00,00,00,00,00,
-1709726728849229,00000323,false,Rx,0,8,00,00,00,00,00,00,00,00,
-1709726728848973,00000324,false,Rx,0,8,00,00,0E,34,35,00,00,00,
-1709726728848717,0000033B,false,Rx,0,8,00,00,00,33,00,00,00,00,
-1709726728848461,0000033D,false,Rx,0,8,00,00,10,20,00,28,00,00,
-1709726728848247,000003B7,false,Rx,0,8,00,00,00,00,00,0E,E5,00,
-1709726728847991,00000491,false,Rx,0,8,00,00,00,00,00,00,00,00,
-1709726728748968,00000323,false,Rx,0,8,00,00,00,00,00,00,00,00,
-1709726728748712,00000324,false,Rx,0,8,00,00,0E,34,35,00,00,00,
-1709726728748456,0000033B,false,Rx,0,8,00,00,00,33,00,00,00,00,
-1709726728748243,0000033D,false,Rx,0,8,00,00,10,20,00,28,00,00,
-1709726728747987,000003B7,false,Rx,0,8,00,00,00,00,00,00,0A,00,
-1709726728747731,00000491,false,Rx,0,8,00,00,00,00,00,00,00,00,
-1709726728648537,00000323,false,Rx,0,8,00,00,00,00,00,00,1F,AD,
-1709726728648281,00000324,false,Rx,0,8,00,00,0E,34,35,00,00,00,
-1709726728648025,0000033B,false,Rx,0,8,00,00,00,33,00,00,00,00,
-1709726728647812,0000033D,false,Rx,0,8,00,00,10,20,00,28,00,00,
-1709726728647556,000003B7,false,Rx,0,8,00,00,00,00,00,01,46,00,
-1709726728647300,00000491,false,Rx,0,8,00,00,00,00,00,00,00,00,
-1709726728548234,00000323,false,Rx,0,8,00,00,00,00,00,00,1F,AD,
-1709726728547978,00000324,false,Rx,0,8,00,00,0E,34,35,00,00,00,
-1709726728547722,0000033B,false,Rx,0,8,00,00,00,33,00,00,00,00,
-1709726728547509,0000033D,false,Rx,0,8,00,00,10,20,00,28,00,00,
-1709726728547253,000003B7,false,Rx,0,8,00,00,00,00,00,02,92,00,
-1709726728546997,00000491,false,Rx,0,8,00,00,00,00,00,00,00,00,
-1709726728448144,00000323,false,Rx,0,8,00,00,00,00,00,00,1F,AD,
-1709726728447888,00000324,false,Rx,0,8,00,00,0E,34,35,00,00,00,
-1709726728447632,0000033B,false,Rx,0,8,00,00,00,33,00,00,00,00,
-1709726728447419,0000033D,false,Rx,0,8,00,00,10,20,00,28,00,00,
-1709726728447163,000003B7,false,Rx,0,8,00,00,00,00,00,03,DE,00,
-1709726728446907,00000491,false,Rx,0,8,00,00,00,00,00,00,00,00,
-1709726728347841,00000323,false,Rx,0,8,00,00,00,00,00,00,1F,AD,
-1709726728347585,00000324,false,Rx,0,8,00,00,0E,34,35,00,00,00,
-1709726728347329,0000033B,false,Rx,0,8,00,00,00,33,00,00,00,00,
-1709726728347073,0000033D,false,Rx,0,8,00,00,10,20,00,28,00,00,
-1709726728346860,000003B7,false,Rx,0,8,00,00,00,00,00,04,27,00,
-1709726728346604,00000491,false,Rx,0,8,00,00,00,00,00,00,00,00,
-1709726728247516,00000323,false,Rx,0,8,00,00,00,00,00,00,1F,AD,
-1709726728247260,00000324,false,Rx,0,8,00,00,0E,34,35,00,00,00,
-1709726728247047,0000033B,false,Rx,0,8,00,00,00,33,00,00,00,00,
-1709726728246791,0000033D,false,Rx,0,8,00,00,10,20,00,28,00,00,
-1709726728246535,000003B7,false,Rx,0,8,00,00,00,00,00,05,6B,00,
-1709726728246279,00000491,false,Rx,0,8,00,00,00,00,00,00,00,00,
-1709726728147128,00000323,false,Rx,0,8,00,00,00,00,00,00,1D,65,
-1709726728146872,00000324,false,Rx,0,8,00,00,0E,34,35,00,00,00,
-1709726728146616,0000033B,false,Rx,0,8,00,00,00,33,00,00,00,00,
-1709726728146360,0000033D,false,Rx,0,8,00,00,10,20,00,28,00,00,
-1709726728146146,000003B7,false,Rx,0,8,00,00,00,00,00,06,BF,00,
-1709726728145890,00000491,false,Rx,0,8,00,00,00,00,00,00,00,00,
-1709726728046867,00000323,false,Rx,0,8,00,00,00,00,00,00,1D,65,
-1709726728046611,00000324,false,Rx,0,8,00,00,0E,34,35,00,00,00,
-1709726728046398,0000033B,false,Rx,0,8,00,00,00,33,00,00,00,00,
-1709726728046142,0000033D,false,Rx,0,8,00,00,10,20,00,28,00,00,
-1709726728045886,000003B7,false,Rx,0,8,00,00,00,00,00,07,F3,00,
-1709726728045630,00000491,false,Rx,0,8,00,00,00,00,00,00,00,00,
-1709726727946522,00000323,false,Rx,0,8,00,00,00,00,00,00,1D,65,
-1709726727946266,00000324,false,Rx,0,8,00,00,0E,34,35,00,00,00,
-1709726727946010,0000033B,false,Rx,0,8,00,00,00,33,00,00,00,00,
-1709726727945796,0000033D,false,Rx,0,8,00,00,10,20,00,28,00,00,
-1709726727945540,000003B7,false,Rx,0,8,00,00,00,00,00,08,50,00,
-1709726727945284,00000491,false,Rx,0,8,00,00,00,00,00,00,00,00,
-1709726727846347,00000323,false,Rx,0,8,00,00,00,00,00,00,1D,65,
-1709726727846091,00000324,false,Rx,0,8,00,00,0E,34,35,00,00,00,
-1709726727845835,0000033B,false,Rx,0,8,00,00,00,33,00,00,00,00,
-1709726727845621,0000033D,false,Rx,0,8,00,00,10,20,00,28,00,00,
-1709726727845365,000003B7,false,Rx,0,8,00,00,00,00,00,09,1C,00,
-1709726727845109,00000491,false,Rx,0,8,00,00,00,00,00,00,00,00,
-1709726727745915,00000323,false,Rx,0,8,00,00,00,00,00,00,1D,65,
-1709726727745660,00000324,false,Rx,0,8,00,00,0E,34,35,00,00,00,
-1709726727745446,0000033B,false,Rx,0,8,00,00,00,33,00,00,00,00,
-1709726727745190,0000033D,false,Rx,0,8,00,00,10,20,00,28,00,00,
-1709726727744934,000003B7,false,Rx,0,8,00,00,00,00,00,0A,C8,00,
-1709726727744678,00000491,false,Rx,0,8,00,00,00,00,00,00,00,00,
-1709726727645612,00000323,false,Rx,0,8,00,00,00,00,00,00,1F,C5,
-1709726727645399,00000324,false,Rx,0,8,00,00,0E,34,35,00,00,00,
-1709726727645143,0000033B,false,Rx,0,8,00,00,00,33,00,00,00,00,
-1709726727644887,0000033D,false,Rx,0,8,00,00,10,20,00,28,00,00,
-1709726727644631,000003B7,false,Rx,0,8,00,00,00,00,00,0B,84,00,
-1709726727644375,00000491,false,Rx,0,8,00,00,00,00,00,00,00,00,
-1709726727545181,00000323,false,Rx,0,8,00,00,00,00,00,00,1F,C5,
-1709726727544968,00000324,false,Rx,0,8,00,00,0E,34,35,00,00,00,
-1709726727544712,0000033B,false,Rx,0,8,00,00,00,33,00,00,00,00,
-1709726727544456,0000033D,false,Rx,0,8,00,00,10,20,00,28,00,00,
-1709726727544200,000003B7,false,Rx,0,8,00,00,00,00,00,0C,7D,00,
-1709726727543944,00000491,false,Rx,0,8,00,00,00,00,00,00,00,00,
-1709726727445092,00000323,false,Rx,0,8,00,00,00,00,00,00,1F,C5,
-1709726727444836,00000324,false,Rx,0,8,00,00,0E,34,35,00,00,00,
-1709726727444580,0000033B,false,Rx,0,8,00,00,00,33,00,00,00,00,
-1709726727444324,0000033D,false,Rx,0,8,00,00,10,20,00,28,00,00,
-1709726727444110,000003B7,false,Rx,0,8,00,00,00,00,00,0D,31,00,
-1709726727443854,00000491,false,Rx,0,8,00,00,00,00,00,00,00,00,
-1709726727344703,00000323,false,Rx,0,8,00,00,00,00,00,00,1F,C5,
-1709726727344490,00000324,false,Rx,0,8,00,00,0E,34,35,00,00,00,
-1709726727344234,0000033B,false,Rx,0,8,00,00,00,33,00,00,00,00,
-1709726727343978,0000033D,false,Rx,0,8,00,00,10,20,00,28,00,00,
-1709726727343722,000003B7,false,Rx,0,8,00,00,00,00,00,0E,E5,00,
-1709726727343509,00000491,false,Rx,0,8,00,00,00,00,00,00,00,00,
-1709726727244585,00000323,false,Rx,0,8,00,00,00,00,00,00,1F,C5,
-1709726727244372,00000324,false,Rx,0,8,00,00,0E,34,35,00,00,00,
-1709726727244116,0000033B,false,Rx,0,8,00,00,00,33,00,00,00,00,
-1709726727243860,0000033D,false,Rx,0,8,00,00,10,20,00,28,00,00,
-1709726727243604,000003B7,false,Rx,0,8,00,00,00,00,00,00,0A,00,
-1709726727243391,00000491,false,Rx,0,8,00,00,00,00,00,00,00,00,
-1709726727144111,00000323,false,Rx,0,8,00,00,00,00,00,00,00,00,
-1709726727143898,00000324,false,Rx,0,8,00,00,0E,34,35,00,00,00,
-1709726727143642,0000033B,false,Rx,0,8,00,00,00,33,00,00,00,00,
-1709726727143386,0000033D,false,Rx,0,8,00,00,10,20,00,28,00,00,
-1709726727143130,000003B7,false,Rx,0,8,00,00,00,00,00,01,46,00,
-1709726727142917,00000491,false,Rx,0,8,00,00,00,00,00,00,00,00,
-1709726727043979,00000323,false,Rx,0,8,00,00,00,00,00,00,00,00,
-1709726727043723,00000324,false,Rx,0,8,00,00,0E,34,35,00,00,00,
-1709726727043467,0000033B,false,Rx,0,8,00,00,00,33,00,00,00,00,
-1709726727043254,0000033D,false,Rx,0,8,00,00,10,20,00,28,00,00,
-1709726727042998,000003B7,false,Rx,0,8,00,00,00,00,00,02,92,00,
-1709726727042742,00000491,false,Rx,0,8,00,00,00,00,00,00,00,00,
-1709726726943505,00000323,false,Rx,0,8,00,00,00,00,00,00,00,00,
-1709726726943292,00000324,false,Rx,0,8,00,00,0E,34,35,00,00,00,
-1709726726943036,0000033B,false,Rx,0,8,00,00,00,33,00,00,00,00,
-1709726726942780,0000033D,false,Rx,0,8,00,00,10,20,00,28,00,00,
-1709726726942524,000003B7,false,Rx,0,8,00,00,00,00,00,03,DE,00,
-1709726726942268,00000491,false,Rx,0,8,00,00,00,00,00,00,00,00,
-1709726726843330,00000323,false,Rx,0,8,00,00,00,00,00,00,00,00,
-1709726726843074,00000324,false,Rx,0,8,00,00,0E,34,35,00,00,00,
-1709726726842861,0000033B,false,Rx,0,8,00,00,00,33,00,00,00,00,
-1709726726842605,0000033D,false,Rx,0,8,00,00,10,20,00,28,00,00,
-1709726726842349,000003B7,false,Rx,0,8,00,00,00,00,00,04,27,00,
-1709726726842093,00000491,false,Rx,0,8,00,00,00,00,00,00,00,00,
-1709726726742942,00000323,false,Rx,0,8,00,00,00,00,00,00,00,00,
-1709726726742729,00000324,false,Rx,0,8,00,00,0E,34,35,00,00,00,
-1709726726742473,0000033B,false,Rx,0,8,00,00,00,33,00,00,00,00,
-1709726726742217,0000033D,false,Rx,0,8,00,00,10,20,00,28,00,00,
-1709726726742003,000003B7,false,Rx,0,8,00,00,00,00,00,05,6B,00,
-1709726726741747,00000491,false,Rx,0,8,00,00,00,00,00,00,00,00,
-1709726726642724,00000323,false,Rx,0,8,00,00,00,00,00,00,1F,AD,
-1709726726642468,00000324,false,Rx,0,8,00,00,0E,34,35,00,00,00,
-1709726726642255,0000033B,false,Rx,0,8,00,00,00,33,00,00,00,00,
-1709726726641999,0000033D,false,Rx,0,8,00,00,10,20,00,28,00,00,
-1709726726641743,000003B7,false,Rx,0,8,00,00,00,00,00,06,BF,00,
-1709726726641487,00000491,false,Rx,0,8,00,00,00,00,00,00,00,00,
-1709726726542421,00000323,false,Rx,0,8,00,00,00,00,00,00,1F,AD,
-1709726726542165,00000324,false,Rx,0,8,00,00,0E,34,35,00,00,00,
-1709726726541952,0000033B,false,Rx,0,8,00,00,00,33,00,00,00,00,
-1709726726541696,0000033D,false,Rx,0,8,00,00,10,20,00,28,00,00,
-1709726726541440,000003B7,false,Rx,0,8,00,00,00,00,00,07,F3,00,
-1709726726541184,00000491,false,Rx,0,8,00,00,00,00,00,00,00,00,
-1709726726442033,00000323,false,Rx,0,8,00,00,00,00,00,00,1F,AD,
-1709726726441777,00000324,false,Rx,0,8,00,00,0E,34,35,00,00,00,
-1709726726441521,0000033B,false,Rx,0,8,00,00,00,33,00,00,00,00,
-1709726726441307,0000033D,false,Rx,0,8,00,00,10,20,00,28,00,00,
-1709726726441051,000003B7,false,Rx,0,8,00,00,00,00,00,08,50,00,
-1709726726440795,00000491,false,Rx,0,8,00,00,00,00,00,00,00,00,
-1709726726341815,00000323,false,Rx,0,8,00,00,00,00,00,00,1F,AD,
-1709726726341559,00000324,false,Rx,0,8,00,00,0E,34,35,00,00,00,
-1709726726341346,0000033B,false,Rx,0,8,00,00,00,33,00,00,00,00,
-1709726726341090,0000033D,false,Rx,0,8,00,00,10,20,00,28,00,00,
-1709726726340834,000003B7,false,Rx,0,8,00,00,00,00,00,09,1C,00,
-1709726726340578,00000491,false,Rx,0,8,00,00,00,00,00,00,00,00,
-1709726726241567,00000323,false,Rx,0,8,00,00,00,00,00,00,1F,AD,
-1709726726241311,00000324,false,Rx,0,8,00,00,0E,34,35,00,00,00,
-1709726726241098,0000033B,false,Rx,0,8,00,00,00,33,00,00,00,00,
-1709726726240842,0000033D,false,Rx,0,8,00,00,10,20,00,28,00,00,
-1709726726240586,000003B7,false,Rx,0,8,00,00,00,00,00,0A,C8,00,
-1709726726240330,00000491,false,Rx,0,8,00,00,00,00,00,00,00,00,
-1709726726141179,00000323,false,Rx,0,8,00,00,00,00,00,00,1D,65,
-1709726726140923,00000324,false,Rx,0,8,00,00,0E,34,35,00,00,00,
-1709726726140709,0000033B,false,Rx,0,8,00,00,00,33,00,00,00,00,
-1709726726140454,0000033D,false,Rx,0,8,00,00,10,20,00,28,00,00,
-1709726726140198,000003B7,false,Rx,0,8,00,00,00,00,00,0B,84,00,
-1709726726139942,00000491,false,Rx,0,8,00,00,00,00,00,00,00,00,
-1709726726040961,00000323,false,Rx,0,8,00,00,00,00,00,00,1D,65,
-1709726726040748,00000324,false,Rx,0,8,00,00,0E,34,35,00,00,00,
-1709726726040492,0000033B,false,Rx,0,8,00,00,00,33,00,00,00,00,
-1709726726040236,0000033D,false,Rx,0,8,00,00,10,20,00,28,00,00,
-1709726726039980,000003B7,false,Rx,0,8,00,00,00,00,00,0C,7D,00,
-1709726726039766,00000491,false,Rx,0,8,00,00,00,00,00,00,00,00,
-1709726725940359,00000323,false,Rx,0,8,00,00,00,00,00,00,1D,65,
-1709726725940146,00000324,false,Rx,0,8,00,00,0E,34,35,00,00,00,
-1709726725939890,0000033B,false,Rx,0,8,00,00,00,33,00,00,00,00,
-1709726725939634,0000033D,false,Rx,0,8,00,00,10,20,00,28,00,00,
-1709726725939378,000003B7,false,Rx,0,8,00,00,00,00,00,0D,31,00,
-1709726725939165,00000491,false,Rx,0,8,00,00,00,00,00,00,00,00,
-1709726725840312,00000323,false,Rx,0,8,00,00,00,00,00,00,1D,65,
-1709726725840099,00000324,false,Rx,0,8,00,00,0E,34,35,00,00,00,
-1709726725839843,0000033B,false,Rx,0,8,00,00,00,33,00,00,00,00,
-1709726725839587,0000033D,false,Rx,0,8,00,00,10,20,00,28,00,00,
-1709726725839331,000003B7,false,Rx,0,8,00,00,00,00,00,0E,E5,00,
-1709726725839075,00000491,false,Rx,0,8,00,00,00,00,00,00,00,00,
-1709726725740052,00000323,false,Rx,0,8,00,00,00,00,00,00,1D,65,
-1709726725739796,00000324,false,Rx,0,8,00,00,0E,34,35,00,00,00,
-1709726725739540,0000033B,false,Rx,0,8,00,00,00,33,00,00,00,00,
-1709726725739327,0000033D,false,Rx,0,8,00,00,10,20,00,28,00,00,
-1709726725739071,000003B7,false,Rx,0,8,00,00,00,00,00,00,0A,00,
-1709726725738815,00000491,false,Rx,0,8,00,00,00,00,00,00,00,00,
-1709726725639578,00000323,false,Rx,0,8,00,00,00,00,00,00,1F,C5,
-1709726725639365,00000324,false,Rx,0,8,00,00,0E,34,35,00,00,00,
-1709726725639109,0000033B,false,Rx,0,8,00,00,00,33,00,00,00,00,
-1709726725638853,0000033D,false,Rx,0,8,00,00,10,20,00,28,00,00,
-1709726725638597,000003B7,false,Rx,0,8,00,00,00,00,00,01,46,00,
-1709726725638384,00000491,false,Rx,0,8,00,00,00,00,00,00,00,00,
-1709726725539360,00000323,false,Rx,0,8,00,00,00,00,00,00,1F,C5,
-1709726725539104,00000324,false,Rx,0,8,00,00,0E,34,35,00,00,00,
-1709726725538891,0000033B,false,Rx,0,8,00,00,00,33,00,00,00,00,
-1709726725538635,0000033D,false,Rx,0,8,00,00,10,20,00,28,00,00,
-1709726725538379,000003B7,false,Rx,0,8,00,00,00,00,00,02,92,00,
-1709726725538123,00000491,false,Rx,0,8,00,00,00,00,00,00,00,00,
-1709726725439100,00000323,false,Rx,0,8,00,00,00,00,00,00,1F,C5,
-1709726725438887,00000324,false,Rx,0,8,00,00,0E,34,35,00,00,00,
-1709726725438631,0000033B,false,Rx,0,8,00,00,00,33,00,00,00,00,
-1709726725438375,0000033D,false,Rx,0,8,00,00,10,20,00,28,00,00,
-1709726725438119,000003B7,false,Rx,0,8,00,00,00,00,00,03,DE,00,
-1709726725437863,00000491,false,Rx,0,8,00,00,00,00,00,00,00,00,
-1709726725338626,00000323,false,Rx,0,8,00,00,00,00,00,00,1F,C5,
-1709726725338413,00000324,false,Rx,0,8,00,00,0E,34,35,00,00,00,
-1709726725338157,0000033B,false,Rx,0,8,00,00,00,33,00,00,00,00,
-1709726725337901,0000033D,false,Rx,0,8,00,00,10,20,00,28,00,00,
-1709726725337645,000003B7,false,Rx,0,8,00,00,00,00,00,04,27,00,
-1709726725337432,00000491,false,Rx,0,8,00,00,00,00,00,00,00,00,
-1709726725238538,00000323,false,Rx,0,8,00,00,00,00,00,00,1F,C5,
-1709726725238324,00000324,false,Rx,0,8,00,00,0E,34,35,00,00,00,
-1709726725238068,0000033B,false,Rx,0,8,00,00,00,33,00,00,00,00,
-1709726725237812,0000033D,false,Rx,0,8,00,00,10,20,00,28,00,00,
-1709726725237599,000003B7,false,Rx,0,8,00,00,00,00,00,05,6B,00,
-1709726725237343,00000491,false,Rx,0,8,00,00,00,00,00,00,00,00,
-1709726725138106,00000323,false,Rx,0,8,00,00,00,00,00,00,00,00,
-1709726725137851,00000324,false,Rx,0,8,00,00,0E,34,35,00,00,00,
-1709726725137637,0000033B,false,Rx,0,8,00,00,00,33,00,00,00,00,
-1709726725137381,0000033D,false,Rx,0,8,00,00,10,20,00,28,00,00,
-1709726725137125,000003B7,false,Rx,0,8,00,00,00,00,00,06,BF,00,
-1709726725136869,00000491,false,Rx,0,8,00,00,00,00,00,00,00,00,
-1709726725037931,00000323,false,Rx,0,8,00,00,00,00,00,00,00,00,
-1709726725037718,00000324,false,Rx,0,8,00,00,0E,34,35,00,00,00,
-1709726725037462,0000033B,false,Rx,0,8,00,00,00,33,00,00,00,00,
-1709726725037206,0000033D,false,Rx,0,8,00,00,10,20,00,28,00,00,
-1709726725036950,000003B7,false,Rx,0,8,00,00,00,00,00,07,F3,00,
-1709726725036737,00000491,false,Rx,0,8,00,00,00,00,00,00,00,00,
-1709726724937500,00000323,false,Rx,0,8,00,00,00,00,00,00,00,00,
-1709726724937287,00000324,false,Rx,0,8,00,00,0E,34,35,00,00,00,
-1709726724937031,0000033B,false,Rx,0,8,00,00,00,33,00,00,00,00,
-1709726724936775,0000033D,false,Rx,0,8,00,00,10,20,00,28,00,00,
-1709726724936519,000003B7,false,Rx,0,8,00,00,00,00,00,08,50,00,
-1709726724936263,00000491,false,Rx,0,8,00,00,00,00,00,00,00,00,
-1709726724837411,00000323,false,Rx,0,8,00,00,00,00,00,00,00,00,
-1709726724837155,00000324,false,Rx,0,8,00,00,0E,34,35,00,00,00,
-1709726724836941,0000033B,false,Rx,0,8,00,00,00,33,00,00,00,00,
-1709726724836685,0000033D,false,Rx,0,8,00,00,10,20,00,28,00,00,
-1709726724836429,000003B7,false,Rx,0,8,00,00,00,00,00,09,1C,00,
-1709726724836173,00000491,false,Rx,0,8,00,00,00,00,00,00,00,00,
-1709726724736980,00000323,false,Rx,0,8,00,00,00,00,00,00,00,00,
-1709726724736766,00000324,false,Rx,0,8,00,00,0E,34,35,00,00,00,
-1709726724736510,0000033B,false,Rx,0,8,00,00,00,33,00,00,00,00,
-1709726724736254,0000033D,false,Rx,0,8,00,00,10,20,00,28,00,00,
-1709726724735998,000003B7,false,Rx,0,8,00,00,00,00,00,0A,C8,00,
-1709726724735785,00000491,false,Rx,0,8,00,00,00,00,00,00,00,00,
-1709726724636847,00000323,false,Rx,0,8,00,00,00,00,00,00,1F,AD,
-1709726724636591,00000324,false,Rx,0,8,00,00,0E,34,35,00,00,00,
-1709726724636335,0000033B,false,Rx,0,8,00,00,00,33,00,00,00,00,
-1709726724636079,0000033D,false,Rx,0,8,00,00,10,20,00,28,00,00,
-1709726724635866,000003B7,false,Rx,0,8,00,00,00,00,00,0B,84,00,
-1709726724635610,00000491,false,Rx,0,8,00,00,00,00,00,00,00,00,
-1709726724536245,00000323,false,Rx,0,8,00,00,00,00,00,00,1F,AD,
-1709726724535989,00000324,false,Rx,0,8,00,00,0E,34,35,00,00,00,
-1709726724535733,0000033B,false,Rx,0,8,00,00,00,33,00,00,00,00,
-1709726724535520,0000033D,false,Rx,0,8,00,00,10,20,00,28,00,00,
-1709726724535264,000003B7,false,Rx,0,8,00,00,00,00,00,0C,7D,00,
-1709726724535008,00000491,false,Rx,0,8,00,00,00,00,00,00,00,00,
-1709726724436241,00000323,false,Rx,0,8,00,00,00,00,00,00,1F,AD,
-1709726724436028,00000324,false,Rx,0,8,00,00,0E,34,35,00,00,00,
-1709726724435772,0000033B,false,Rx,0,8,00,00,00,33,00,00,00,00,
-1709726724435516,0000033D,false,Rx,0,8,00,00,10,20,00,28,00,00,
-1709726724435260,000003B7,false,Rx,0,8,00,00,00,00,00,0D,31,00,
-1709726724435046,00000491,false,Rx,0,8,00,00,00,00,00,00,00,00,
-1709726724335767,00000323,false,Rx,0,8,00,00,00,00,00,00,1F,AD,
-1709726724335511,00000324,false,Rx,0,8,00,00,0E,34,35,00,00,00,
-1709726724335298,0000033B,false,Rx,0,8,00,00,00,33,00,00,00,00,
-1709726724335042,0000033D,false,Rx,0,8,00,00,10,20,00,28,00,00,
-1709726724334786,000003B7,false,Rx,0,8,00,00,00,00,00,0E,E5,00,
-1709726724334530,00000491,false,Rx,0,8,00,00,00,00,00,00,00,00,
-1709726724235631,00000323,false,Rx,0,8,00,00,00,00,00,00,1F,AD,
-1709726724235375,00000324,false,Rx,0,8,00,00,0E,34,35,00,00,00,
-1709726724235162,0000033B,false,Rx,0,8,00,00,00,33,00,00,00,00,
-1709726724234906,0000033D,false,Rx,0,8,00,00,10,20,00,28,00,00,
-1709726724234650,000003B7,false,Rx,0,8,00,00,00,00,00,00,0A,00,
-1709726724234394,00000491,false,Rx,0,8,00,00,00,00,00,00,00,00,
-1709726724135115,00000323,false,Rx,0,8,00,00,00,00,00,00,1D,65,
-1709726724134859,00000324,false,Rx,0,8,00,00,0E,34,35,00,00,00,
-1709726724134645,0000033B,false,Rx,0,8,00,00,00,33,00,00,00,00,
-1709726724134389,0000033D,false,Rx,0,8,00,00,10,20,00,28,00,00,
-1709726724134133,000003B7,false,Rx,0,8,00,00,00,00,00,01,46,00,
-1709726724133877,00000491,false,Rx,0,8,00,00,00,00,00,00,00,00,
-1709726724034939,00000323,false,Rx,0,8,00,00,00,00,00,00,1D,65,
-1709726724034683,00000324,false,Rx,0,8,00,00,0E,34,35,00,00,00,
-1709726724034470,0000033B,false,Rx,0,8,00,00,00,33,00,00,00,00,
-1709726724034214,0000033D,false,Rx,0,8,00,00,10,20,00,28,00,00,
-1709726724033958,000003B7,false,Rx,0,8,00,00,00,00,00,02,92,00,
-1709726724033702,00000491,false,Rx,0,8,00,00,00,00,00,00,00,00,
-1709726723934679,00000323,false,Rx,0,8,00,00,00,00,00,00,1D,65,
-1709726723934423,00000324,false,Rx,0,8,00,00,0E,34,35,00,00,00,
-1709726723934167,0000033B,false,Rx,0,8,00,00,00,33,00,00,00,00,
-1709726723933954,0000033D,false,Rx,0,8,00,00,10,20,00,28,00,00,
-1709726723933698,000003B7,false,Rx,0,8,00,00,00,00,00,03,DE,00,
-1709726723933442,00000491,false,Rx,0,8,00,00,00,00,00,00,00,00,
-1709726723834461,00000323,false,Rx,0,8,00,00,00,00,00,00,1D,65,
-1709726723834205,00000324,false,Rx,0,8,00,00,0E,34,35,00,00,00,
-1709726723833992,0000033B,false,Rx,0,8,00,00,00,33,00,00,00,00,
-1709726723833736,0000033D,false,Rx,0,8,00,00,10,20,00,28,00,00,
-1709726723833480,000003B7,false,Rx,0,8,00,00,00,00,00,04,27,00,
-1709726723833224,00000491,false,Rx,0,8,00,00,00,00,00,00,00,00,
-1709726723734116,00000323,false,Rx,0,8,00,00,00,00,00,00,1D,65,
-1709726723733860,00000324,false,Rx,0,8,00,00,0E,34,35,00,00,00,
-1709726723733646,0000033B,false,Rx,0,8,00,00,00,33,00,00,00,00,
-1709726723733390,0000033D,false,Rx,0,8,00,00,10,20,00,28,00,00,
-1709726723733134,000003B7,false,Rx,0,8,00,00,00,00,00,05,6B,00,
-1709726723732878,00000491,false,Rx,0,8,00,00,00,00,00,00,00,00,
-1709726723633813,00000323,false,Rx,0,8,00,00,00,00,00,00,1F,C5,
-1709726723633557,00000324,false,Rx,0,8,00,00,0E,34,35,00,00,00,
-1709726723633301,0000033B,false,Rx,0,8,00,00,00,33,00,00,00,00,
-1709726723633087,0000033D,false,Rx,0,8,00,00,10,20,00,28,00,00,
-1709726723632831,000003B7,false,Rx,0,8,00,00,00,00,00,06,BF,00,
-1709726723632575,00000491,false,Rx,0,8,00,00,00,00,00,00,00,00,
-1709726723533253,00000323,false,Rx,0,8,00,00,00,00,00,00,1F,C5,
-1709726723532997,00000324,false,Rx,0,8,00,00,0E,34,35,00,00,00,
-1709726723532741,0000033B,false,Rx,0,8,00,00,00,33,00,00,00,00,
-1709726723532528,0000033D,false,Rx,0,8,00,00,10,20,00,28,00,00,
-1709726723532272,000003B7,false,Rx,0,8,00,00,00,00,00,07,F3,00,
-1709726723532016,00000491,false,Rx,0,8,00,00,00,00,00,00,00,00,
-1709726723433249,00000323,false,Rx,0,8,00,00,00,00,00,00,1F,C5,
-1709726723432993,00000324,false,Rx,0,8,00,00,0E,34,35,00,00,00,
-1709726723432780,0000033B,false,Rx,0,8,00,00,00,33,00,00,00,00,
-1709726723432524,0000033D,false,Rx,0,8,00,00,10,20,00,28,00,00,
-1709726723432268,000003B7,false,Rx,0,8,00,00,00,00,00,08,50,00,
-1709726723432012,00000491,false,Rx,0,8,00,00,00,00,00,00,00,00,
-1709726723332861,00000323,false,Rx,0,8,00,00,00,00,00,00,1F,C5,
-1709726723332605,00000324,false,Rx,0,8,00,00,0E,34,35,00,00,00,
-1709726723332349,0000033B,false,Rx,0,8,00,00,00,33,00,00,00,00,
-1709726723332093,0000033D,false,Rx,0,8,00,00,10,20,00,28,00,00,
-1709726723331879,000003B7,false,Rx,0,8,00,00,00,00,00,09,1C,00,
-1709726723331623,00000491,false,Rx,0,8,00,00,00,00,00,00,00,00,
-1709726723232314,00000323,false,Rx,0,8,00,00,00,00,00,00,1F,C5,
-1709726723232101,00000324,false,Rx,0,8,00,00,0E,34,35,00,00,00,
-1709726723231845,0000033B,false,Rx,0,8,00,00,00,33,00,00,00,00,
-1709726723231589,0000033D,false,Rx,0,8,00,00,10,20,00,28,00,00,
-1709726723231333,000003B7,false,Rx,0,8,00,00,00,00,00,0A,C8,00,
-1709726723231120,00000491,false,Rx,0,8,00,00,00,00,00,00,00,00,
-1709726723132182,00000323,false,Rx,0,8,00,00,00,00,00,00,00,00,
-1709726723131969,00000324,false,Rx,0,8,00,00,0E,34,35,00,00,00,
-1709726723131713,0000033B,false,Rx,0,8,00,00,00,33,00,00,00,00,
-1709726723131457,0000033D,false,Rx,0,8,00,00,10,20,00,28,00,00,
-1709726723131243,000003B7,false,Rx,0,8,00,00,00,00,00,0B,84,00,
-1709726723130987,00000491,false,Rx,0,8,00,00,00,00,00,00,00,00,
-1709726723031751,00000323,false,Rx,0,8,00,00,00,00,00,00,00,00,
-1709726723031495,00000324,false,Rx,0,8,00,00,0E,34,35,00,00,00,
-1709726723031239,0000033B,false,Rx,0,8,00,00,00,33,00,00,00,00,
-1709726723031026,0000033D,false,Rx,0,8,00,00,10,20,00,28,00,00,
-1709726723030770,000003B7,false,Rx,0,8,00,00,00,00,00,0C,7D,00,
-1709726723030514,00000491,false,Rx,0,8,00,00,00,00,00,00,00,00,
-1709726722931533,00000323,false,Rx,0,8,00,00,00,00,00,00,00,00,
-1709726722931277,00000324,false,Rx,0,8,00,00,0E,34,35,00,00,00,
-1709726722931021,0000033B,false,Rx,0,8,00,00,00,33,00,00,00,00,
-1709726722930765,0000033D,false,Rx,0,8,00,00,10,20,00,28,00,00,
-1709726722930552,000003B7,false,Rx,0,8,00,00,00,00,00,0D,31,00,
-1709726722930296,00000491,false,Rx,0,8,00,00,00,00,00,00,00,00,
-1709726722831443,00000323,false,Rx,0,8,00,00,00,00,00,00,00,00,
-1709726722831187,00000324,false,Rx,0,8,00,00,0E,34,35,00,00,00,
-1709726722830974,0000033B,false,Rx,0,8,00,00,00,33,00,00,00,00,
-1709726722830718,0000033D,false,Rx,0,8,00,00,10,20,00,28,00,00,
-1709726722830462,000003B7,false,Rx,0,8,00,00,00,00,00,0E,E5,00,
-1709726722830206,00000491,false,Rx,0,8,00,00,00,00,00,00,00,00,
-1709726722730927,00000323,false,Rx,0,8,00,00,00,00,00,00,00,00,
-1709726722730671,00000324,false,Rx,0,8,00,00,0E,34,35,00,00,00,
-1709726722730458,0000033B,false,Rx,0,8,00,00,00,33,00,00,00,00,
-1709726722730202,0000033D,false,Rx,0,8,00,00,10,20,00,28,00,00,
-1709726722729946,000003B7,false,Rx,0,8,00,00,00,00,00,00,0A,00,
-1709726722729690,00000491,false,Rx,0,8,00,00,00,00,00,00,00,00,
-1709726722630837,00000323,false,Rx,0,8,00,00,00,00,00,00,1F,AD,
-1709726722630581,00000324,false,Rx,0,8,00,00,0E,34,35,00,00,00,
-1709726722630368,0000033B,false,Rx,0,8,00,00,00,33,00,00,00,00,
-1709726722630112,0000033D,false,Rx,0,8,00,00,10,20,00,28,00,00,
-1709726722629856,000003B7,false,Rx,0,8,00,00,00,00,00,01,46,00,
-1709726722629600,00000491,false,Rx,0,8,00,00,00,00,00,00,00,00,
-1709726722530449,00000323,false,Rx,0,8,00,00,00,00,00,00,1F,AD,
-1709726722530193,00000324,false,Rx,0,8,00,00,0E,34,35,00,00,00,
-1709726722529937,0000033B,false,Rx,0,8,00,00,00,33,00,00,00,00,
-1709726722529724,0000033D,false,Rx,0,8,00,00,10,20,00,28,00,00,
-1709726722529468,000003B7,false,Rx,0,8,00,00,00,00,00,02,92,00,
-1709726722529212,00000491,false,Rx,0,8,00,00,00,00,00,00,00,00,
-1709726722430146,00000323,false,Rx,0,8,00,00,00,00,00,00,1F,AD,
-1709726722429932,00000324,false,Rx,0,8,00,00,0E,34,35,00,00,00,
-1709726722429676,0000033B,false,Rx,0,8,00,00,00,33,00,00,00,00,
-1709726722429420,0000033D,false,Rx,0,8,00,00,10,20,00,28,00,00,
-1709726722429164,000003B7,false,Rx,0,8,00,00,00,00,00,03,DE,00,
-1709726722428951,00000491,false,Rx,0,8,00,00,00,00,00,00,00,00,
-1709726722329757,00000323,false,Rx,0,8,00,00,00,00,00,00,1F,AD,
-1709726722329501,00000324,false,Rx,0,8,00,00,0E,34,35,00,00,00,
-1709726722329245,0000033B,false,Rx,0,8,00,00,00,33,00,00,00,00,
-1709726722329032,0000033D,false,Rx,0,8,00,00,10,20,00,28,00,00,
-1709726722328776,000003B7,false,Rx,0,8,00,00,00,00,00,04,27,00,
-1709726722328520,00000491,false,Rx,0,8,00,00,00,00,00,00,00,00,
-1709726722229601,00000323,false,Rx,0,8,00,00,00,00,00,00,1F,AD,
-1709726722229345,00000324,false,Rx,0,8,00,00,0E,34,35,00,00,00,
-1709726722229132,0000033B,false,Rx,0,8,00,00,00,33,00,00,00,00,
-1709726722228876,0000033D,false,Rx,0,8,00,00,10,20,00,28,00,00,
-1709726722228620,000003B7,false,Rx,0,8,00,00,00,00,00,05,6B,00,
-1709726722228364,00000491,false,Rx,0,8,00,00,00,00,00,00,00,00,
-1709726722129127,00000323,false,Rx,0,8,00,00,00,00,00,00,1D,65,
-1709726722128871,00000324,false,Rx,0,8,00,00,0E,34,35,00,00,00,
-1709726722128615,0000033B,false,Rx,0,8,00,00,00,33,00,00,00,00,
-1709726722128402,0000033D,false,Rx,0,8,00,00,10,20,00,28,00,00,
-1709726722128146,000003B7,false,Rx,0,8,00,00,00,00,00,06,BF,00,
-1709726722127890,00000491,false,Rx,0,8,00,00,00,00,00,00,00,00,
-1709726722028995,00000323,false,Rx,0,8,00,00,00,00,00,00,1D,65,
-1709726722028739,00000324,false,Rx,0,8,00,00,0E,34,35,00,00,00,
-1709726722028526,0000033B,false,Rx,0,8,00,00,00,33,00,00,00,00,
-1709726722028270,0000033D,false,Rx,0,8,00,00,10,20,00,28,00,00,
-1709726722028014,000003B7,false,Rx,0,8,00,00,00,00,00,07,F3,00,
-1709726722027758,00000491,false,Rx,0,8,00,00,00,00,00,00,00,00,
-1709726721928692,00000323,false,Rx,0,8,00,00,00,00,00,00,1D,65,
-1709726721928436,00000324,false,Rx,0,8,00,00,0E,34,35,00,00,00,
-1709726721928180,0000033B,false,Rx,0,8,00,00,00,33,00,00,00,00,
-1709726721927924,0000033D,false,Rx,0,8,00,00,10,20,00,28,00,00,
-1709726721927710,000003B7,false,Rx,0,8,00,00,00,00,00,08,50,00,
-1709726721927454,00000491,false,Rx,0,8,00,00,00,00,00,00,00,00,
-1709726721828431,00000323,false,Rx,0,8,00,00,00,00,00,00,1D,65,
-1709726721828175,00000324,false,Rx,0,8,00,00,0E,34,35,00,00,00,
-1709726721827919,0000033B,false,Rx,0,8,00,00,00,33,00,00,00,00,
-1709726721827706,0000033D,false,Rx,0,8,00,00,10,20,00,28,00,00,
-1709726721827450,000003B7,false,Rx,0,8,00,00,00,00,00,09,1C,00,
-1709726721827194,00000491,false,Rx,0,8,00,00,00,00,00,00,00,00,
-1709726721727915,00000323,false,Rx,0,8,00,00,00,00,00,00,1D,65,
-1709726721727659,00000324,false,Rx,0,8,00,00,0E,34,35,00,00,00,
-1709726721727446,0000033B,false,Rx,0,8,00,00,00,33,00,00,00,00,
-1709726721727190,0000033D,false,Rx,0,8,00,00,10,20,00,28,00,00,
-1709726721726934,000003B7,false,Rx,0,8,00,00,00,00,00,0A,C8,00,
-1709726721726678,00000491,false,Rx,0,8,00,00,00,00,00,00,00,00,
-1709726721627825,00000323,false,Rx,0,8,00,00,00,00,00,00,1F,C5,
-1709726721627569,00000324,false,Rx,0,8,00,00,0E,34,35,00,00,00,
-1709726721627356,0000033B,false,Rx,0,8,00,00,00,33,00,00,00,00,
-1709726721627100,0000033D,false,Rx,0,8,00,00,10,20,00,28,00,00,
-1709726721626844,000003B7,false,Rx,0,8,00,00,00,00,00,0B,84,00,
-1709726721626588,00000491,false,Rx,0,8,00,00,00,00,00,00,00,00,
