Time Stamp,ID,Extended,Dir,Bus,LEN,D1,D2,D3,D4,D5,D6,D7,D8
26715602,0000029C,false,Tx,0,8,FE,00,00,00,00,00,00,00,
26787040,0000029C,false,Tx,0,8,FE,00,00,00,00,00,00,00,
26887675,0000029C,false,Tx,0,8,FE,00,00,00,00,00,00,00,
26988746,0000029C,false,Tx,0,8,00,00,00,00,00,00,00,00,
27090308,0000029C,false,Tx,0,8,00,00,00,00,00,00,00,00,
27190530,0000029C,false,Tx,0,8,00,00,00,00,00,00,00,00,
27291274,0000029C,false,Tx,0,8,00,00,00,00,00,00,00,00,
27392904,0000029C,false,Tx,0,8,00,00,00,00,00,00,00,00,
27494015,0000029C,false,Tx,0,8,00,00,00,00,00,00,00,00,
27595032,0000029C,false,Tx,0,8,00,00,00,00,00,00,00,00,
27696187,0000029C,false,Tx,0,8,00,00,00,00,00,00,00,00,
27797060,0000029C,false,Tx,0,8,00,00,00,00,00,00,00,00,
27897595,0000029C,false,Tx,0,8,00,00,00,00,00,00,00,00,
27998749,0000029C,false,Tx,0,8,00,00,00,00,00,00,00,00,
28099613,0000029C,false,Tx,0,8,00,00,00,00,00,00,00,00,
28201455,0000029C,false,Tx,0,8,00,00,00,00,00,00,00,00,
28302465,0000029C,false,Tx,0,8,00,00,00,00,00,00,00,00,
28402737,0000029C,false,Tx,0,8,00,08,00,00,00,00,00,00,
28504754,0000029C,false,Tx,0,8,00,08,00,00,00,00,00,00,
28604531,0000029C,false,Tx,0,8,00,08,00,00,00,00,00,00,
28705859,0000029C,false,Tx,0,8,00,08,00,00,00,00,00,00,
28807726,0000029C,false,Tx,0,8,00,08,00,00,00,00,00,00,
28908606,0000029C,false,Tx,0,8,00,08,00,00,00,00,00,00,
29009429,0000029C,false,Tx,0,8,00,08,00,00,00,00,00,00,
29110330,0000029C,false,Tx,0,8,00,08,00,00,00,00,00,00,
29210807,0000029C,false,Tx,0,8,00,08,00,00,00,00,00,00,
29312263,0000029C,false,Tx,0,8,00,08,00,00,00,00,00,00,
29413343,0000029C,false,Tx,0,8,00,08,00,00,00,00,00,00,
29514058,0000029C,false,Tx,0,8,00,08,00,00,00,00,00,00,
29615434,0000029C,false,Tx,0,8,00,08,00,00,00,00,00,00,
29716106,0000029C,false,Tx,0,8,00,08,00,00,00,00,00,00,
29817980,0000029C,false,Tx,0,8,00,08,00,00,00,00,00,00,
29919131,0000029C,false,Tx,0,8,00,08,00,00,00,00,00,00,
30019912,0000029C,false,Tx,0,8,00,08,00,00,00,00,00,00,
30121229,0000029C,false,Tx,0,8,00,08,00,00,00,00,00,00,
30221088,0000029C,false,Tx,0,8,00,08,00,00,00,00,00,00,
30322320,0000029C,false,Tx,0,8,00,08,00,00,00,00,00,00,
30423668,0000029C,false,Tx,0,8,00,08,00,00,00,00,00,00,
30524504,0000029C,false,Tx,0,8,00,08,00,00,00,00,00,00,
30625390,0000029C,false,Tx,0,8,00,08,00,00,00,00,00,00,
30726528,0000029C,false,Tx,0,8,00,08,00,00,00,00,00,00,
30828174,0000029C,false,Tx,0,8,00,08,00,00,00,00,00,00,
30928274,0000029C,false,Tx,0,8,00,08,24,00,00,8C,5A,3C,
31029863,0000029C,false,Tx,0,8,00,08,24,00,00,8C,5A,3C,
31130646,0000029C,false,Tx,0,8,00,08,24,00,00,8C,5A,3C,
31231784,0000029C,false,Tx,0,8,00,08,24,00,00,8C,5A,3C,
31333039,0000029C,false,Tx,0,8,40,08,24,08,00,8C,5A,3C,
31434328,0000029C,false,Tx,0,8,40,08,24,08,00,8C,5A,3C,
31535010,0000029C,false,Tx,0,8,40,08,24,08,00,8C,5A,3C,
31636272,0000029C,false,Tx,0,8,40,08,24,08,00,8C,5A,3C,
31737532,0000029C,false,Tx,0,8,40,08,24,08,00,8C,5A,3C,
31838549,0000029C,false,Tx,0,8,40,08,24,1C,00,8C,5A,3C,
31939104,0000029C,false,Tx,0,8,40,08,24,1C,00,8C,5A,3C,
32040578,0000029C,false,Tx,0,8,40,08,24,22,00,8C,5A,3C,
32140703,0000029C,false,Tx,0,8,40,08,24,22,00,8C,5A,3C,
32242244,0000029C,false,Tx,0,8,40,08,24,28,00,8C,5A,3C,
32343735,0000029C,false,Tx,0,8,40,08,24,28,00,8C,5A,3C,
32444770,0000029C,false,Tx,0,8,40,08,24,3C,00,8C,5A,3C,
32545300,0000029C,false,Tx,0,8,40,08,24,3C,00,8C,5A,3C,
32646258,0000029C,false,Tx,0,8,40,08,24,42,00,8C,5A,3C,
32747700,0000029C,false,Tx,0,8,40,08,24,42,00,8C,5A,3C,
32848621,0000029C,false,Tx,0,8,40,08,24,48,00,8C,5A,3C,
32949459,0000029C,false,Tx,0,8,40,08,24,48,00,8C,5A,3C,
33050486,0000029C,false,Tx,0,8,40,08,24,4E,00,8C,5A,3C,
33151382,0000029C,false,Tx,0,8,40,08,24,4E,00,8C,5A,3C,
33252822,0000029C,false,Tx,0,8,40,08,24,54,00,8C,5A,3C,
33353224,0000029C,false,Tx,0,8,40,08,24,54,00,8C,5A,3C,
33454116,0000029C,false,Tx,0,8,40,08,24,5A,00,8C,5A,3C,
33555975,0000029C,false,Tx,0,8,40,08,24,5A,00,8C,5A,3C,
33656159,0000029C,false,Tx,0,8,40,08,24,60,00,8C,5A,3C,
33757498,0000029C,false,Tx,0,8,40,08,24,60,00,8C,5A,3C,
33858553,0000029C,false,Tx,0,8,40,08,24,60,00,8C,5A,3C,
33959987,0000029C,false,Tx,0,8,40,08,24,60,00,8C,5A,3C,
34060366,0000029C,false,Tx,0,8,40,08,24,60,00,8C,5A,3C,
34161422,0000029C,false,Tx,0,8,40,08,24,60,00,8C,5A,3C,
34263014,0000029C,false,Tx,0,8,40,08,24,60,00,8C,5A,3C,
34364024,0000029C,false,Tx,0,8,40,08,24,60,00,8C,5A,3C,
34465328,0000029C,false,Tx,0,8,40,08,24,60,00,8C,5A,3C,
34565905,0000029C,false,Tx,0,8,40,08,24,60,00,8C,5A,3C,
34666541,0000029C,false,Tx,0,8,40,08,24,60,00,8C,5A,3C,
34767570,0000029C,false,Tx,0,8,40,08,24,60,00,8C,5A,3C,
34869358,0000029C,false,Tx,0,8,40,08,24,66,00,8C,5A,3C,
34970004,0000029C,false,Tx,0,8,40,08,24,66,00,8C,5A,3C,
35071103,0000029C,false,Tx,0,8,40,08,24,6C,00,8C,5A,3C,
35172468,0000029C,false,Tx,0,8,40,08,24,6C,00,8C,5A,3C,
35273307,0000029C,false,Tx,0,8,40,08,24,72,00,8C,5A,3C,
35373974,0000029C,false,Tx,0,8,40,08,24,72,00,8C,5A,3C,
35475939,0000029C,false,Tx,0,8,40,08,24,86,00,8C,5A,3C,
35576784,0000029C,false,Tx,0,8,40,08,24,86,00,8C,5A,3C,
35677650,0000029C,false,Tx,0,8,40,08,24,8C,00,8C,5A,3C,
35778330,0000029C,false,Tx,0,8,40,08,24,8C,00,8C,5A,3C,
35879716,0000029C,false,Tx,0,8,40,08,24,92,00,8C,5A,3C,
35980454,0000029C,false,Tx,0,8,40,08,24,92,00,8C,5A,3C,
36080906,0000029C,false,Tx,0,8,40,08,24,98,00,8C,5A,3C,
36183003,0000029C,false,Tx,0,8,40,08,24,98,00,8C,5A,3C,
36283191,0000029C,false,Tx,0,8,40,08,24,9E,00,8C,5A,3C,
36383955,0000029C,false,Tx,0,8,40,08,24,9E,00,8C,5A,3C,
36485476,0000029C,false,Tx,0,8,40,08,24,A4,00,8C,5A,3C,
36587584,0000029C,false,Tx,0,8,40,08,24,A4,00,8C,5A,3C,
36687311,0000029C,false,Tx,0,8,40,08,24,B8,00,8C,5A,3C,
36788854,0000029C,false,Tx,0,8,40,08,24,B8,00,8C,5A,3C,
36889443,0000029C,false,Tx,0,8,40,08,24,BE,00,8C,5A,3C,
36990515,0000029C,false,Tx,0,8,40,08,24,BE,00,8C,5A,3C,
37091234,0000029C,false,Tx,0,8,40,08,24,C4,00,8C,5A,3C,
37192605,0000029C,false,Tx,0,8,40,08,24,C4,00,8C,5A,3C,
37293269,0000029C,false,Tx,0,8,40,08,24,D8,00,8C,5A,3C,
37394463,0000029C,false,Tx,0,8,40,08,24,D8,00,8C,5A,3C,
37496247,0000029C,false,Tx,0,8,40,08,24,DE,00,8C,5A,3C,
37596754,0000029C,false,Tx,0,8,40,08,24,DE,00,8C,5A,3C,
37697883,0000029C,false,Tx,0,8,40,08,24,E4,00,8C,5A,3C,
37799043,0000029C,false,Tx,0,8,40,08,24,E4,00,8C,5A,3C,
37900222,0000029C,false,Tx,0,8,40,08,24,F8,00,8C,5A,3C,
38001351,0000029C,false,Tx,0,8,40,08,24,F8,00,8C,5A,3C,
38102457,0000029C,false,Tx,0,8,40,08,24,FE,00,8C,5A,3C,
38202641,0000029C,false,Tx,0,8,40,08,24,FE,00,8C,5A,3C,
38304415,0000029C,false,Tx,0,8,40,08,25,04,00,8C,5A,3C,
38405932,0000029C,false,Tx,0,8,40,08,25,04,00,8C,5A,3C,
38506433,0000029C,false,Tx,0,8,40,08,25,18,00,8C,5A,3C,
38607196,0000029C,false,Tx,0,8,40,08,25,18,00,8C,5A,3C,
38708542,0000029C,false,Tx,0,8,40,08,25,1E,00,8C,5A,3C,
38809326,0000029C,false,Tx,0,8,40,08,25,1E,00,8C,5A,3C,
38910046,0000029C,false,Tx,0,8,40,08,25,24,00,8C,5A,3C,
39011024,0000029C,false,Tx,0,8,40,08,25,24,00,8C,5A,3C,
39113277,0000029C,false,Tx,0,8,40,08,25,2A,00,8C,5A,3C,
39213934,0000029C,false,Tx,0,8,40,08,25,2A,00,8C,5A,3C,
39313872,0000029C,false,Tx,0,8,40,08,25,30,00,8C,5A,3C,
39415001,0000029C,false,Tx,0,8,40,08,25,30,00,8C,5A,3C,
39516804,0000029C,false,Tx,0,8,40,08,25,36,00,8C,5A,3C,
39617613,0000029C,false,Tx,0,8,40,08,25,36,00,8C,5A,3C,
39718997,0000029C,false,Tx,0,8,40,08,25,4A,00,8C,5A,3C,
39820197,0000029C,false,Tx,0,8,40,08,25,4A,00,8C,5A,3C,
39920260,0000029C,false,Tx,0,8,40,08,25,50,00,8C,5A,3C,
40021553,0000029C,false,Tx,0,8,40,08,25,50,00,8C,5A,3C,
40122314,0000029C,false,Tx,0,8,40,08,25,56,00,8C,5A,3C,
40224099,0000029C,false,Tx,0,8,40,08,25,56,00,8C,5A,3C,
40325147,0000029C,false,Tx,0,8,40,08,25,6A,00,8C,5A,3C,
40425708,0000029C,false,Tx,0,8,40,08,25,6A,00,8C,5A,3C,
40527396,0000029C,false,Tx,0,8,40,08,25,70,00,8C,5A,3C,
40628114,0000029C,false,Tx,0,8,40,08,25,70,00,8C,5A,3C,
40728754,0000029C,false,Tx,0,8,40,08,25,76,00,8C,5A,3C,
40830683,0000029C,false,Tx,0,8,40,08,25,76,00,8C,5A,3C,
40930660,0000029C,false,Tx,0,8,40,08,25,7C,00,8C,5A,3C,
41032870,0000029C,false,Tx,0,8,40,08,25,7C,00,8C,5A,3C,
41132876,0000029C,false,Tx,0,8,40,08,25,82,00,8C,5A,3C,
41234652,0000029C,false,Tx,0,8,40,08,25,82,00,8C,5A,3C,
41334807,0000029C,false,Tx,0,8,40,08,25,88,00,8C,5A,3C,
41435941,0000029C,false,Tx,0,8,40,08,25,88,00,8C,5A,3C,
41536701,0000029C,false,Tx,0,8,40,08,25,8E,00,8C,5A,3C,
41638902,0000029C,false,Tx,0,8,40,08,25,8E,00,8C,5A,3C,
41738557,0000029C,false,Tx,0,8,40,08,25,8E,00,8C,5A,3C,
41840689,0000029C,false,Tx,0,8,40,08,25,8E,00,8C,5A,3C,
41941332,0000029C,false,Tx,0,8,40,08,25,8E,00,8C,5A,3C,
42042240,0000029C,false,Tx,0,8,40,08,25,8E,00,8C,5A,3C,
42143473,0000029C,false,Tx,0,8,40,08,25,94,00,8C,5A,3C,
42244993,0000029C,false,Tx,0,8,40,08,25,94,00,8C,5A,3C,
42344920,0000029C,false,Tx,0,8,40,08,25,94,00,8C,5A,3C,
42446199,0000029C,false,Tx,0,8,40,08,25,94,00,8C,5A,3C,
42547788,0000029C,false,Tx,0,8,40,08,25,94,00,8C,5A,3C,
42648953,0000029C,false,Tx,0,8,40,08,25,94,00,8C,5A,3C,
42749587,0000029C,false,Tx,0,8,40,08,25,94,00,8C,5A,3C,
42851173,0000029C,false,Tx,0,8,40,08,25,94,00,8C,5A,3C,
42952153,0000029C,false,Tx,0,8,40,08,25,94,00,8C,5A,3C,
43052358,0000029C,false,Tx,0,8,40,08,25,94,00,8C,5A,3C,
43153332,0000029C,false,Tx,0,8,40,08,25,94,00,8C,5A,3C,
43255063,0000029C,false,Tx,0,8,40,08,25,94,00,8C,5A,3C,
43356324,0000029C,false,Tx,0,8,40,08,25,94,00,8C,5A,3C,
43457634,0000029C,false,Tx,0,8,40,08,25,94,00,8C,5A,3C,
43557414,0000029C,false,Tx,0,8,40,08,25,94,00,8C,5A,3C,
43658742,0000029C,false,Tx,0,8,40,08,25,94,00,8C,5A,3C,
43759836,0000029C,false,Tx,0,8,40,08,25,94,00,8C,5A,3C,
43860575,0000029C,false,Tx,0,8,40,08,25,94,00,8C,5A,3C,
43961859,0000029C,false,Tx,0,8,40,08,25,94,00,8C,5A,3C,
44062833,0000029C,false,Tx,0,8,40,08,25,94,00,8C,5A,3C,
44164371,0000029C,false,Tx,0,8,40,08,25,94,00,8C,5A,3C,
44265294,0000029C,false,Tx,0,8,40,08,25,94,00,8C,5A,3C,
44366423,0000029C,false,Tx,0,8,40,08,25,94,00,8C,5A,3C,
44467262,0000029C,false,Tx,0,8,40,08,25,94,00,8C,5A,3C,
44568184,0000029C,false,Tx,0,8,40,08,25,94,00,8C,5A,3C,
44669038,0000029C,false,Tx,0,8,40,08,25,94,00,8C,5A,3C,
44769647,0000029C,false,Tx,0,8,40,08,25,94,00,8C,5A,3C,
44871519,0000029C,false,Tx,0,8,40,08,25,94,00,8C,5A,3C,
44972063,0000029C,false,Tx,0,8,40,08,25,94,00,8C,5A,3C,
45072855,0000029C,false,Tx,0,8,40,08,25,94,00,8C,5A,3C,
45175048,0000029C,false,Tx,0,8,40,08,25,94,00,8C,5A,3C,
45276040,0000029C,false,Tx,0,8,40,08,25,94,00,8C,5A,3C,
45376252,0000029C,false,Tx,0,8,40,08,25,94,00,8C,5A,3C,
45477336,0000029C,false,Tx,0,8,40,08,25,94,00,8C,5A,3C,
45579043,0000029C,false,Tx,0,8,40,08,25,94,00,8C,5A,3C,
45679575,0000029C,false,Tx,0,8,40,08,25,94,00,8C,5A,3C,
45780195,0000029C,false,Tx,0,8,40,08,25,94,00,8C,5A,3C,
45881786,0000029C,false,Tx,0,8,40,08,25,94,00,8C,5A,3C,
45983042,0000029C,false,Tx,0,8,40,08,25,94,00,8C,5A,3C,
46083583,0000029C,false,Tx,0,8,40,08,25,94,00,8C,5A,3C,
46184437,0000029C,false,Tx,0,8,40,08,25,94,00,8C,5A,3C,
46285520,0000029C,false,Tx,0,8,40,08,25,94,00,8C,5A,3C,
46386376,0000029C,false,Tx,0,8,40,08,25,94,00,8C,5A,3C,
46488629,0000029C,false,Tx,0,8,40,08,25,94,00,8C,5A,3C,
46589321,0000029C,false,Tx,0,8,40,08,25,94,00,8C,5A,3C,
46689361,0000029C,false,Tx,0,8,40,08,25,94,00,8C,5A,3C,
46790797,0000029C,false,Tx,0,8,40,08,25,94,00,8C,5A,3C,
46891938,0000029C,false,Tx,0,8,40,08,25,94,00,8C,5A,3C,
46992381,0000029C,false,Tx,0,8,40,08,25,94,00,8C,5A,3C,
47094942,0000029C,false,Tx,0,8,40,08,25,94,00,8C,5A,3C,
47194634,0000029C,false,Tx,0,8,40,08,25,94,00,8C,5A,3C,
47296163,0000029C,false,Tx,0,8,40,08,25,94,00,8C,5A,3C,
47396705,0000029C,false,Tx,0,8,40,08,25,94,00,8C,5A,3C,
47497724,0000029C,false,Tx,0,8,40,08,25,94,00,8C,5A,3C,
47598888,0000029C,false,Tx,0,8,40,08,25,94,00,8C,5A,3C,
47699700,0000029C,false,Tx,0,8,40,08,25,94,00,8C,5A,3C,
47801579,0000029C,false,Tx,0,8,40,08,25,94,00,8C,5A,3C,
47902523,0000029C,false,Tx,0,8,40,08,25,94,00,8C,5A,3C,
48003088,0000029C,false,Tx,0,8,40,08,25,94,00,8C,5A,3C,
48103835,0000029C,false,Tx,0,8,40,08,25,94,00,8C,5A,3C,
48205838,0000029C,false,Tx,0,8,40,08,25,94,00,8C,5A,3C,
48306437,0000029C,false,Tx,0,8,40,08,25,94,00,8C,5A,3C,
48407323,0000029C,false,Tx,0,8,40,08,25,94,00,8C,5A,3C,
48508149,0000029C,false,Tx,0,8,40,08,25,94,00,8C,5A,3C,
48609557,0000029C,false,Tx,0,8,40,08,25,94,00,8C,5A,3C,
48711066,0000029C,false,Tx,0,8,40,08,25,94,00,8C,5A,3C,
48811212,0000029C,false,Tx,0,8,40,08,25,94,00,8C,5A,3C,
48912655,0000029C,false,Tx,0,8,40,08,25,94,00,8C,5A,3C,
49013437,0000029C,false,Tx,0,8,40,08,25,94,00,8C,5A,3C,
49114817,0000029C,false,Tx,0,8,40,08,25,94,00,8C,5A,3C,
49215934,0000029C,false,Tx,0,8,40,08,25,94,00,8C,5A,3C,
49316367,0000029C,false,Tx,0,8,40,08,25,94,00,8C,5A,3C,
49418366,0000029C,false,Tx,0,8,40,08,25,94,00,8C,5A,3C,
49518376,0000029C,false,Tx,0,8,40,08,25,94,00,8C,5A,3C,
49619853,0000029C,false,Tx,0,8,40,08,25,94,00,8C,5A,3C,
49721497,0000029C,false,Tx,0,8,40,08,25,94,00,8C,5A,3C,
49822020,0000029C,false,Tx,0,8,40,08,25,94,00,8C,5A,3C,
49923037,0000029C,false,Tx,0,8,40,08,25,94,00,8C,5A,3C,
50023888,0000029C,false,Tx,0,8,40,08,25,94,00,8C,5A,3C,
50125385,0000029C,false,Tx,0,8,40,08,25,94,00,8C,5A,3C,
50226116,0000029C,false,Tx,0,8,40,08,25,94,00,8C,5A,3C,
50327573,0000029C,false,Tx,0,8,40,08,25,94,00,8C,5A,3C,
50428352,0000029C,false,Tx,0,8,40,08,25,94,00,8C,5A,3C,
50528900,0000029C,false,Tx,0,8,40,08,25,94,00,8C,5A,3C,
50630427,0000029C,false,Tx,0,8,40,08,25,94,00,8C,5A,3C,
50731110,0000029C,false,Tx,0,8,40,08,25,94,00,8C,5A,3C,
50831924,0000029C,false,Tx,0,8,40,08,25,94,00,8C,5A,3C,
50933299,0000029C,false,Tx,0,8,40,08,25,94,00,8C,5A,3C,
51034286,0000029C,false,Tx,0,8,40,08,25,94,00,8C,5A,3C,
51135463,0000029C,false,Tx,0,8,40,08,25,94,00,8C,5A,3C,
51236218,0000029C,false,Tx,0,8,40,08,25,94,00,8C,5A,3C,
51337047,0000029C,false,Tx,0,8,40,08,25,94,00,8C,5A,3C,
51438760,0000029C,false,Tx,0,8,40,08,25,94,00,8C,5A,3C,
51539570,0000029C,false,Tx,0,8,40,08,25,94,00,8C,5A,3C,
51640512,0000029C,false,Tx,0,8,40,08,25,94,00,8C,5A,3C,
51740886,0000029C,false,Tx,0,8,40,08,25,94,00,8C,5A,3C,
51841857,0000029C,false,Tx,0,8,40,08,25,94,00,8C,5A,3C,
51943279,0000029C,false,Tx,0,8,40,08,25,94,00,8C,5A,3C,
52044984,0000029C,false,Tx,0,8,40,08,25,94,00,8C,5A,3C,
52145319,0000029C,false,Tx,0,8,40,08,25,94,00,8C,5A,3C,
52247077,0000029C,false,Tx,0,8,40,08,25,94,00,8C,5A,3C,
52347379,0000029C,false,Tx,0,8,40,08,25,94,00,8C,5A,3C,
52449402,0000029C,false,Tx,0,8,40,08,25,94,00,8C,5A,3C,
52550170,0000029C,false,Tx,0,8,40,08,25,94,00,8C,5A,3C,
52650421,0000029C,false,Tx,0,8,40,08,25,94,00,8C,5A,3C,
52752515,0000029C,false,Tx,0,8,40,08,25,94,00,8C,5A,3C,
52853211,0000029C,false,Tx,0,8,40,08,25,94,00,8C,5A,3C,
52954726,0000029C,false,Tx,0,8,40,08,25,94,00,8C,5A,3C,
53055489,0000029C,false,Tx,0,8,40,08,25,94,00,8C,5A,3C,
53155729,0000029C,false,Tx,0,8,40,08,25,94,00,8C,5A,3C,
53256455,0000029C,false,Tx,0,8,40,08,25,94,00,8C,5A,3C,
53358108,0000029C,false,Tx,0,8,40,08,25,94,00,8C,5A,3C,
53459779,0000029C,false,Tx,0,8,40,08,25,94,00,8C,5A,3C,
53560452,0000029C,false,Tx,0,8,40,08,25,94,00,8C,5A,3C,
53661368,0000029C,false,Tx,0,8,40,08,25,94,00,8C,5A,3C,
53762412,0000029C,false,Tx,0,8,40,08,25,94,00,8C,5A,3C,
53863617,0000029C,false,Tx,0,8,40,08,25,94,00,8C,5A,3C,
53965240,0000029C,false,Tx,0,8,40,08,25,94,00,8C,5A,3C,
54064931,0000029C,false,Tx,0,8,40,08,25,94,00,8C,5A,3C,
54166323,0000029C,false,Tx,0,8,40,08,25,94,00,8C,5A,3C,
54267077,0000029C,false,Tx,0,8,40,08,25,94,00,8C,5A,3C,
54368335,0000029C,false,Tx,0,8,40,08,25,94,00,8C,5A,3C,
54469291,0000029C,false,Tx,0,8,40,08,25,94,00,8C,5A,3C,
54570280,0000029C,false,Tx,0,8,40,08,25,94,00,8C,5A,3C,
54671793,0000029C,false,Tx,0,8,40,08,25,94,00,8C,5A,3C,
54772708,0000029C,false,Tx,0,8,40,08,25,94,00,8C,5A,3C,
54873772,0000029C,false,Tx,0,8,40,08,25,94,00,8C,5A,3C,
54974535,0000029C,false,Tx,0,8,40,08,25,94,00,8C,5A,3C,
55075679,0000029C,false,Tx,0,8,40,08,25,94,00,8C,5A,3C,
55177557,0000029C,false,Tx,0,8,40,08,25,94,00,8C,5A,3C,
55277819,0000029C,false,Tx,0,8,40,08,25,94,00,8C,5A,3C,
55378298,0000029C,false,Tx,0,8,40,08,25,94,00,8C,5A,3C,
55479170,0000029C,false,Tx,0,8,40,08,25,94,00,8C,5A,3C,
55580138,0000029C,false,Tx,0,8,40,08,25,94,00,8C,5A,3C,
55682416,0000029C,false,Tx,0,8,40,08,25,94,00,8C,5A,3C,
55783154,0000029C,false,Tx,0,8,40,08,25,94,00,8C,5A,3C,
55883552,0000029C,false,Tx,0,8,40,08,25,94,00,8C,5A,3C,
55984902,0000029C,false,Tx,0,8,40,08,25,94,00,8C,5A,3C,
56085710,0000029C,false,Tx,0,8,40,08,25,94,00,8C,5A,3C,
56186709,0000029C,false,Tx,0,8,40,08,25,94,00,8C,5A,3C,
56287608,0000029C,false,Tx,0,8,40,08,25,94,00,8C,5A,3C,
56388619,0000029C,false,Tx,0,8,40,08,25,94,00,8C,5A,3C,
56489361,0000029C,false,Tx,0,8,40,08,25,94,00,8C,5A,3C,
56591613,0000029C,false,Tx,0,8,40,08,25,94,00,8C,5A,3C,
56691776,0000029C,false,Tx,0,8,40,08,25,94,00,8C,5A,3C,
56793275,0000029C,false,Tx,0,8,40,08,25,94,00,8C,5A,3C,
56894278,0000029C,false,Tx,0,8,40,08,25,94,00,8C,5A,3C,
56995153,0000029C,false,Tx,0,8,40,08,25,94,00,8C,5A,3C,
57096381,0000029C,false,Tx,0,8,40,08,25,94,00,8C,5A,3C,
57197884,0000029C,false,Tx,0,8,40,08,25,94,00,8C,5A,3C,
57298714,0000029C,false,Tx,0,8,40,08,25,94,00,8C,5A,3C,
57399054,0000029C,false,Tx,0,8,40,08,25,94,00,8C,5A,3C,
57500806,0000029C,false,Tx,0,8,40,08,25,94,00,8C,5A,3C,
57601348,0000029C,false,Tx,0,8,40,08,25,94,00,8C,5A,3C,
57702709,0000029C,false,Tx,0,8,40,08,25,94,00,8C,5A,3C,
57803864,0000029C,false,Tx,0,8,40,08,25,94,00,8C,5A,3C,
57904428,0000029C,false,Tx,0,8,40,08,25,94,00,8C,5A,3C,
58005804,0000029C,false,Tx,0,8,40,08,25,94,00,8C,5A,3C,
58106801,0000029C,false,Tx,0,8,40,08,25,94,00,8C,5A,3C,
58207606,0000029C,false,Tx,0,8,40,08,25,94,00,8C,5A,3C,
58308206,0000029C,false,Tx,0,8,40,08,25,94,00,8C,5A,3C,
58409137,0000029C,false,Tx,0,8,40,08,25,94,00,8C,5A,3C,
58511081,0000029C,false,Tx,0,8,40,08,25,94,00,8C,5A,3C,
58611449,0000029C,false,Tx,0,8,40,08,25,94,00,8C,5A,3C,
58712742,0000029C,false,Tx,0,8,40,08,25,94,00,8C,5A,3C,
58813531,0000029C,false,Tx,0,8,40,08,25,94,00,8C,5A,3C,
58914861,0000029C,false,Tx,0,8,40,08,25,94,00,8C,5A,3C,
59015581,0000029C,false,Tx,0,8,40,08,25,94,00,8C,5A,3C,
59116466,0000029C,false,Tx,0,8,40,08,25,94,00,8C,5A,3C,
59217488,0000029C,false,Tx,0,8,40,08,25,94,00,8C,5A,3C,
59318435,0000029C,false,Tx,0,8,40,08,25,94,00,8C,5A,3C,
59419683,0000029C,false,Tx,0,8,40,08,25,94,00,8C,5A,3C,
59521338,0000029C,false,Tx,0,8,40,08,25,94,00,8C,5A,3C,
59622595,0000029C,false,Tx,0,8,40,08,25,94,00,8C,5A,3C,
59723392,0000029C,false,Tx,0,8,40,08,25,94,00,8C,5A,3C,
59824290,0000029C,false,Tx,0,8,40,08,25,94,00,8C,5A,3C,
59925723,0000029C,false,Tx,0,8,40,08,25,94,00,8C,5A,3C,
60026094,0000029C,false,Tx,0,8,40,08,25,94,00,8C,5A,3C,
60126934,0000029C,false,Tx,0,8,40,08,25,94,00,8C,5A,3C,
60228234,0000029C,false,Tx,0,8,40,08,25,94,00,8C,5A,3C,
60328860,0000029C,false,Tx,0,8,40,08,25,94,00,8C,5A,3C,
60430562,0000029C,false,Tx,0,8,40,08,25,94,00,8C,5A,3C,
60531580,0000029C,false,Tx,0,8,40,08,25,94,00,8C,5A,3C,
60631965,0000029C,false,Tx,0,8,40,08,25,94,00,8C,5A,3C,
60732774,0000029C,false,Tx,0,8,40,08,25,94,00,8C,5A,3C,
60834102,0000029C,false,Tx,0,8,40,08,25,94,00,8C,5A,3C,
60936446,0000029C,false,Tx,0,8,40,08,25,94,00,8C,5A,3C,
61036387,0000029C,false,Tx,0,8,40,08,25,94,00,8C,5A,3C,
61137291,0000029C,false,Tx,0,8,40,08,25,94,00,8C,5A,3C,
61239087,0000029C,false,Tx,0,8,40,08,25,94,00,8C,5A,3C,
61339806,0000029C,false,Tx,0,8,40,08,25,94,00,8C,5A,3C,
61440741,0000029C,false,Tx,0,8,40,08,25,94,00,8C,5A,3C,
61541369,0000029C,false,Tx,0,8,40,08,25,94,00,8C,5A,3C,
61642568,0000029C,false,Tx,0,8,40,08,25,94,00,8C,5A,3C,
61744215,0000029C,false,Tx,0,8,40,08,25,94,00,8C,5A,3C,
61844598,0000029C,false,Tx,0,8,40,08,25,94,00,8C,5A,3C,
61945735,0000029C,false,Tx,0,8,40,08,25,94,00,8C,5A,3C,
62046438,0000029C,false,Tx,0,8,40,08,25,94,00,8C,5A,3C,
62148395,0000029C,false,Tx,0,8,40,08,25,94,00,8C,5A,3C,
62248277,0000029C,false,Tx,0,8,40,08,25,94,00,8C,5A,3C,
62349971,0000029C,false,Tx,0,8,40,08,25,94,00,8C,5A,3C,
62451269,0000029C,false,Tx,0,8,40,08,25,94,00,8C,5A,3C,
62551670,0000029C,false,Tx,0,8,40,08,25,94,00,8C,5A,3C,
62652951,0000029C,false,Tx,0,8,40,08,25,94,00,8C,5A,3C,
62754252,0000029C,false,Tx,0,8,40,08,25,94,00,8C,5A,3C,
62854938,0000029C,false,Tx,0,8,40,08,25,94,00,8C,5A,3C,
62955743,0000029C,false,Tx,0,8,40,08,25,94,00,8C,5A,3C,
63056869,0000029C,false,Tx,0,8,40,08,25,94,00,8C,5A,3C,
63157644,0000029C,false,Tx,0,8,40,08,25,94,00,8C,5A,3C,
63259642,0000029C,false,Tx,0,8,40,08,25,94,00,8C,5A,3C,
63360601,0000029C,false,Tx,0,8,40,08,25,94,00,8C,5A,3C,
63460747,0000029C,false,Tx,0,8,40,08,25,94,00,8C,5A,3C,
63562322,0000029C,false,Tx,0,8,40,08,25,94,00,8C,5A,3C,
63664030,0000029C,false,Tx,0,8,40,08,25,94,00,8C,5A,3C,
63764682,0000029C,false,Tx,0,8,40,08,25,94,00,8C,5A,3C,
63865708,0000029C,false,Tx,0,8,40,08,25,94,00,8C,5A,3C,
63966437,0000029C,false,Tx,0,8,40,08,25,94,00,8C,5A,3C,
64068014,0000029C,false,Tx,0,8,40,08,25,94,00,8C,5A,3C,
64169139,0000029C,false,Tx,0,8,40,08,25,94,00,8C,5A,3C,
64269968,0000029C,false,Tx,0,8,40,08,25,94,00,8C,5A,3C,
64370726,0000029C,false,Tx,0,8,40,08,25,94,00,8C,5A,3C,
64471131,0000029C,false,Tx,0,8,40,08,25,94,00,8C,5A,3C,
64573057,0000029C,false,Tx,0,8,40,08,25,94,00,8C,5A,3C,
64673901,0000029C,false,Tx,0,8,40,08,25,94,00,8C,5A,3C,
64774863,0000029C,false,Tx,0,8,40,08,25,94,00,8C,5A,3C,
64876096,0000029C,false,Tx,0,8,40,08,25,94,00,8C,5A,3C,
64976150,0000029C,false,Tx,0,8,40,08,25,94,00,8C,5A,3C,
65077378,0000029C,false,Tx,0,8,40,08,25,94,00,8C,5A,3C,
65178565,0000029C,false,Tx,0,8,40,08,25,94,00,8C,5A,3C,
65279580,0000029C,false,Tx,0,8,40,08,25,94,00,8C,5A,3C,
65380993,0000029C,false,Tx,0,8,40,08,25,94,00,8C,5A,3C,
65482441,0000029C,false,Tx,0,8,40,08,25,94,00,8C,5A,3C,
65582874,0000029C,false,Tx,0,8,40,08,25,94,00,8C,5A,3C,
65684183,0000029C,false,Tx,0,8,40,08,25,94,00,8C,5A,3C,
65785309,0000029C,false,Tx,0,8,40,08,25,94,00,8C,5A,3C,
65886587,0000029C,false,Tx,0,8,40,08,25,94,00,8C,5A,3C,
65986708,0000029C,false,Tx,0,8,40,08,25,94,00,8C,5A,3C,
66088403,0000029C,false,Tx,0,8,40,08,25,94,00,8C,5A,3C,
66188779,0000029C,false,Tx,0,8,40,08,25,94,00,8C,5A,3C,
66290158,0000029C,false,Tx,0,8,40,08,25,94,00,8C,5A,3C,
66391161,0000029C,false,Tx,0,8,40,08,25,94,00,8C,5A,3C,
66492216,0000029C,false,Tx,0,8,40,08,25,94,00,8C,5A,3C,
66592806,0000029C,false,Tx,0,8,40,08,25,94,00,8C,5A,3C,
66693773,0000029C,false,Tx,0,8,40,08,25,94,00,8C,5A,3C,
66795646,0000029C,false,Tx,0,8,40,08,25,94,00,8C,5A,3C,
66896633,0000029C,false,Tx,0,8,40,08,25,94,00,8C,5A,3C,
66997246,0000029C,false,Tx,0,8,40,08,25,94,00,8C,5A,3C,
67099073,0000029C,false,Tx,0,8,40,08,25,94,00,8C,5A,3C,
67198990,0000029C,false,Tx,0,8,40,08,25,94,00,8C,5A,3C,
67300788,0000029C,false,Tx,0,8,40,08,25,94,00,8C,5A,3C,
67401565,0000029C,false,Tx,0,8,40,08,25,94,00,8C,5A,3C,
67502994,0000029C,false,Tx,0,8,40,08,25,94,00,8C,5A,3C,
67603896,0000029C,false,Tx,0,8,40,08,25,94,00,8C,5A,3C,
67704834,0000029C,false,Tx,0,8,40,08,25,94,00,8C,5A,3C,
67805289,0000029C,false,Tx,0,8,40,08,25,94,00,8C,5A,3C,
67907186,0000029C,false,Tx,0,8,40,08,25,94,00,8C,5A,3C,
68008046,0000029C,false,Tx,0,8,40,08,25,94,00,8C,5A,3C,
68108249,0000029C,false,Tx,0,8,40,08,25,94,00,8C,5A,3C,
68209856,0000029C,false,Tx,0,8,40,08,25,94,00,8C,5A,3C,
68311278,0000029C,false,Tx,0,8,40,08,25,94,00,8C,5A,3C,
68411217,0000029C,false,Tx,0,8,40,08,25,94,00,8C,5A,3C,
68513299,0000029C,false,Tx,0,8,40,08,25,94,00,8C,5A,3C,
68614481,0000029C,false,Tx,0,8,40,08,25,94,00,8C,5A,3C,
68714620,0000029C,false,Tx,0,8,40,08,25,94,00,8C,5A,3C,
68816316,0000029C,false,Tx,0,8,40,08,25,94,00,8C,5A,3C,
68916779,0000029C,false,Tx,0,8,40,08,25,94,00,8C,5A,3C,
69018491,0000029C,false,Tx,0,8,40,08,25,94,00,8C,5A,3C,
69119098,0000029C,false,Tx,0,8,40,08,25,94,00,8C,5A,3C,
69219621,0000029C,false,Tx,0,8,40,08,25,94,00,8C,5A,3C,
69321562,0000029C,false,Tx,0,8,40,08,25,94,00,8C,5A,3C,
69422426,0000029C,false,Tx,0,8,40,08,25,94,00,8C,5A,3C,
69522985,0000029C,false,Tx,0,8,40,08,25,94,00,8C,5A,3C,
69624210,0000029C,false,Tx,0,8,40,08,25,94,00,8C,5A,3C,
69725358,0000029C,false,Tx,0,8,40,08,25,94,00,8C,5A,3C,
69826812,0000029C,false,Tx,0,8,40,08,25,94,00,8C,5A,3C,
69927685,0000029C,false,Tx,0,8,40,08,25,94,00,8C,5A,3C,
70028293,0000029C,false,Tx,0,8,40,08,25,94,00,8C,5A,3C,
70129535,0000029C,false,Tx,0,8,40,08,25,94,00,8C,5A,3C,
70230492,0000029C,false,Tx,0,8,40,08,25,94,00,8C,5A,3C,
70331114,0000029C,false,Tx,0,8,40,08,25,94,00,8C,5A,3C,
70432184,0000029C,false,Tx,0,8,40,08,25,94,00,8C,5A,3C,
70533951,0000029C,false,Tx,0,8,40,08,25,94,00,8C,5A,3C,
70634369,0000029C,false,Tx,0,8,40,08,25,94,00,8C,5A,3C,
70735640,0000029C,false,Tx,0,8,40,08,25,94,00,8C,5A,3C,
70837898,0000029C,false,Tx,0,8,40,08,25,94,00,8C,5A,3C,
70937936,0000029C,false,Tx,0,8,40,08,25,94,00,8C,5A,3C,
71039067,0000029C,false,Tx,0,8,40,08,25,94,00,8C,5A,3C,
71140138,0000029C,false,Tx,0,8,40,08,25,94,00,8C,5A,3C,
71241057,0000029C,false,Tx,0,8,40,08,25,94,00,8C,5A,3C,
71341871,0000029C,false,Tx,0,8,40,08,25,94,00,8C,5A,3C,
71442724,0000029C,false,Tx,0,8,40,08,25,94,00,8C,5A,3C,
71543562,0000029C,false,Tx,0,8,40,08,25,94,00,8C,5A,3C,
71644456,0000029C,false,Tx,0,8,40,08,25,94,00,8C,5A,3C,
71746427,0000029C,false,Tx,0,8,40,08,25,94,00,8C,5A,3C,
71847098,0000029C,false,Tx,0,8,40,08,25,94,00,8C,5A,3C,
71948574,0000029C,false,Tx,0,8,40,08,25,94,00,8C,5A,3C,
72048831,0000029C,false,Tx,0,8,40,08,25,94,00,8C,5A,3C,
72149766,0000029C,false,Tx,0,8,40,08,25,94,00,8C,5A,3C,
72250458,0000029C,false,Tx,0,8,40,08,25,94,00,8C,5A,3C,
72352065,0000029C,false,Tx,0,8,40,08,25,94,00,8C,5A,3C,
72452757,0000029C,false,Tx,0,8,40,08,25,94,00,8C,5A,3C,
72554502,0000029C,false,Tx,0,8,40,08,25,94,00,8C,5A,3C,
72655297,0000029C,false,Tx,0,8,40,08,25,94,00,8C,5A,3C,
72756095,0000029C,false,Tx,0,8,40,08,25,96,00,8C,5A,3C,
72857713,0000029C,false,Tx,0,8,40,08,25,96,00,8C,5A,3C,
72958206,0000029C,false,Tx,0,8,40,08,25,96,00,8C,5A,3C,
73059461,0000029C,false,Tx,0,8,40,08,25,96,00,8C,5A,3C,
73160334,0000029C,false,Tx,0,8,40,08,25,96,00,8C,5A,3C,
73261571,0000029C,false,Tx,0,8,40,08,25,96,00,8C,5A,3C,
73361974,0000029C,false,Tx,0,8,40,08,25,96,00,8C,5A,3C,
73463433,0000029C,false,Tx,0,8,40,08,25,96,00,8C,5A,3C,
73565012,0000029C,false,Tx,0,8,40,08,25,96,00,8C,5A,3C,
73666050,0000029C,false,Tx,0,8,40,08,25,96,00,8C,5A,3C,
73766956,0000029C,false,Tx,0,8,40,08,25,96,00,8C,5A,3C,
73868004,0000029C,false,Tx,0,8,40,08,25,96,00,8C,5A,3C,
73968804,0000029C,false,Tx,0,8,40,08,25,96,00,8C,5A,3C,
74070136,0000029C,false,Tx,0,8,40,08,25,96,00,8C,5A,3C,
74170785,0000029C,false,Tx,0,8,40,08,25,96,00,8C,5A,3C,
74271605,0000029C,false,Tx,0,8,40,08,25,96,00,8C,5A,3C,
74372962,0000029C,false,Tx,0,8,40,08,25,96,00,8C,5A,3C,
74473890,0000029C,false,Tx,0,8,40,08,25,96,00,8C,5A,3C,
74574550,0000029C,false,Tx,0,8,40,08,25,96,00,8C,5A,3C,
74675612,0000029C,false,Tx,0,8,40,08,25,96,00,8C,5A,3C,
74776997,0000029C,false,Tx,0,8,40,08,25,96,00,8C,5A,3C,
74877922,0000029C,false,Tx,0,8,40,08,25,96,00,8C,5A,3C,
74979364,0000029C,false,Tx,0,8,40,08,25,96,00,8C,5A,3C,
75080201,0000029C,false,Tx,0,8,40,08,25,96,00,8C,5A,3C,
75180779,0000029C,false,Tx,0,8,40,08,25,96,00,8C,5A,3C,
75282408,0000029C,false,Tx,0,8,40,08,25,96,00,8C,5A,3C,
75382967,0000029C,false,Tx,0,8,40,08,25,96,00,8C,5A,3C,
75484171,0000029C,false,Tx,0,8,40,08,25,96,00,8C,5A,3C,
75584811,0000029C,false,Tx,0,8,40,08,25,96,00,8C,5A,3C,
75685845,0000029C,false,Tx,0,8,40,08,25,96,00,8C,5A,3C,
75786779,0000029C,false,Tx,0,8,40,08,25,96,00,8C,5A,3C,
75888145,0000029C,false,Tx,0,8,40,08,25,96,00,8C,5A,3C,
75989355,0000029C,false,Tx,0,8,40,08,25,96,00,8C,5A,3C,
76089906,0000029C,false,Tx,0,8,40,08,25,96,00,8C,5A,3C,
76191116,0000029C,false,Tx,0,8,40,08,25,96,00,8C,5A,3C,
76292796,0000029C,false,Tx,0,8,40,08,25,96,00,8C,5A,3C,
76392991,0000029C,false,Tx,0,8,40,08,25,96,00,8C,5A,3C,
76494549,0000029C,false,Tx,0,8,40,08,25,96,00,8C,5A,3C,
76595529,0000029C,false,Tx,0,8,40,08,25,96,00,8C,5A,3C,
76696427,0000029C,false,Tx,0,8,40,08,25,96,00,8C,5A,3C,
76797746,0000029C,false,Tx,0,8,40,08,25,96,00,8C,5A,3C,
76897937,0000029C,false,Tx,0,8,40,08,25,96,00,8C,5A,3C,
76999594,0000029C,false,Tx,0,8,40,08,25,96,00,8C,5A,3C,
77100285,0000029C,false,Tx,0,8,40,08,25,96,00,8C,5A,3C,
77201918,0000029C,false,Tx,0,8,40,08,25,96,00,8C,5A,3C,
77302349,0000029C,false,Tx,0,8,40,08,25,96,00,8C,5A,3C,
77403698,0000029C,false,Tx,0,8,40,08,25,96,00,8C,5A,3C,
77505283,0000029C,false,Tx,0,8,40,08,25,96,00,8C,5A,3C,
77605847,0000029C,false,Tx,0,8,40,08,25,96,00,8C,5A,3C,
77707359,0000029C,false,Tx,0,8,40,08,25,96,00,8C,5A,3C,
77807930,0000029C,false,Tx,0,8,40,08,25,96,00,8C,5A,3C,
77909219,0000029C,false,Tx,0,8,40,08,25,96,00,8C,5A,3C,
78010404,0000029C,false,Tx,0,8,40,08,25,96,00,8C,5A,3C,
78111070,0000029C,false,Tx,0,8,40,08,25,96,00,8C,5A,3C,
78212706,0000029C,false,Tx,0,8,40,08,25,96,00,8C,5A,3C,
78312844,0000029C,false,Tx,0,8,40,08,25,96,00,8C,5A,3C,
78413739,0000029C,false,Tx,0,8,40,08,25,96,00,8C,5A,3C,
78514520,0000029C,false,Tx,0,8,40,08,25,96,00,8C,5A,3C,
78616111,0000029C,false,Tx,0,8,40,08,25,96,00,8C,5A,3C,
78716855,0000029C,false,Tx,0,8,40,08,25,96,00,8C,5A,3C,
78817624,0000029C,false,Tx,0,8,40,08,25,96,00,8C,5A,3C,
78918864,0000029C,false,Tx,0,8,40,08,25,96,00,8C,5A,3C,
79020251,0000029C,false,Tx,0,8,40,08,25,96,00,8C,5A,3C,
79121221,0000029C,false,Tx,0,8,40,08,25,96,00,8C,5A,3C,
79222104,0000029C,false,Tx,0,8,40,08,25,96,00,8C,5A,3C,
79323589,0000029C,false,Tx,0,8,40,08,25,96,00,8C,5A,3C,
79424778,0000029C,false,Tx,0,8,40,08,25,96,00,8C,5A,3C,
79525967,0000029C,false,Tx,0,8,40,08,25,96,00,8C,5A,3C,
79626075,0000029C,false,Tx,0,8,40,08,25,96,00,8C,5A,3C,
79727765,0000029C,false,Tx,0,8,40,08,25,96,00,8C,5A,3C,
79828706,0000029C,false,Tx,0,8,40,08,25,96,00,8C,5A,3C,
79930229,0000029C,false,Tx,0,8,40,08,25,96,00,8C,5A,3C,
80030281,0000029C,false,Tx,0,8,40,08,25,96,00,8C,5A,3C,
80131374,0000029C,false,Tx,0,8,40,08,25,96,00,8C,5A,3C,
80232717,0000029C,false,Tx,0,8,40,08,25,96,00,8C,5A,3C,
80334430,0000029C,false,Tx,0,8,40,08,25,96,00,8C,5A,3C,
80434452,0000029C,false,Tx,0,8,40,08,25,96,00,8C,5A,3C,
80535712,0000029C,false,Tx,0,8,40,08,25,96,00,8C,5A,3C,
80636930,0000029C,false,Tx,0,8,40,08,25,96,00,8C,5A,3C,
80737978,0000029C,false,Tx,0,8,40,08,25,96,00,8C,5A,3C,
80838459,0000029C,false,Tx,0,8,40,08,25,96,00,8C,5A,3C,
80939275,0000029C,false,Tx,0,8,40,08,25,96,00,8C,5A,3C,
81041305,0000029C,false,Tx,0,8,40,08,25,96,00,8C,5A,3C,
81142539,0000029C,false,Tx,0,8,40,08,25,96,00,8C,5A,3C,
81242503,0000029C,false,Tx,0,8,40,08,25,96,00,8C,5A,3C,
81343732,0000029C,false,Tx,0,8,40,08,25,96,00,8C,5A,3C,
81445515,0000029C,false,Tx,0,8,40,08,25,96,00,8C,5A,3C,
81546497,0000029C,false,Tx,0,8,40,08,25,96,00,8C,5A,3C,
81647430,0000029C,false,Tx,0,8,40,08,25,96,00,8C,5A,3C,
81748162,0000029C,false,Tx,0,8,40,08,25,96,00,8C,5A,3C,
81849445,0000029C,false,Tx,0,8,40,08,25,96,00,8C,5A,3C,
81950095,0000029C,false,Tx,0,8,40,08,25,96,00,8C,5A,3C,
82051029,0000029C,false,Tx,0,8,40,08,25,96,00,8C,5A,3C,
82153347,0000029C,false,Tx,0,8,40,08,25,96,00,8C,5A,3C,
82252802,0000029C,false,Tx,0,8,40,08,25,96,00,8C,5A,3C,
82354325,0000029C,false,Tx,0,8,40,08,25,96,00,8C,5A,3C,
82455229,0000029C,false,Tx,0,8,40,08,25,96,00,8C,5A,3C,
82556111,0000029C,false,Tx,0,8,40,08,25,96,00,8C,5A,3C,
82657074,0000029C,false,Tx,0,8,40,08,25,96,00,8C,5A,3C,
82758426,0000029C,false,Tx,0,8,40,08,25,96,00,8C,5A,3C,
82859630,0000029C,false,Tx,0,8,40,08,25,96,00,8C,5A,3C,
82961161,0000029C,false,Tx,0,8,40,08,25,96,00,8C,5A,3C,
83061900,0000029C,false,Tx,0,8,40,08,25,96,00,8C,5A,3C,
83162821,0000029C,false,Tx,0,8,40,08,25,96,00,8C,5A,3C,
83263608,0000029C,false,Tx,0,8,40,08,25,96,00,8C,5A,3C,
83364356,0000029C,false,Tx,0,8,40,08,25,96,00,8C,5A,3C,
83465645,0000029C,false,Tx,0,8,40,08,25,96,00,8C,5A,3C,
83566404,0000029C,false,Tx,0,8,40,08,25,96,00,8C,5A,3C,
83667605,0000029C,false,Tx,0,8,40,08,25,96,00,8C,5A,3C,
83769338,0000029C,false,Tx,0,8,40,08,25,96,00,8C,5A,3C,
83869675,0000029C,false,Tx,0,8,40,08,25,96,00,8C,5A,3C,
83970824,0000029C,false,Tx,0,8,40,08,25,96,00,8C,5A,3C,
84072072,0000029C,false,Tx,0,8,40,08,25,96,00,8C,5A,3C,
84172713,0000029C,false,Tx,0,8,40,08,25,96,00,8C,5A,3C,
84273455,0000029C,false,Tx,0,8,40,08,25,96,00,8C,5A,3C,
84374527,0000029C,false,Tx,0,8,40,08,25,96,00,8C,5A,3C,
84476260,0000029C,false,Tx,0,8,40,08,25,96,00,8C,5A,3C,
84576991,0000029C,false,Tx,0,8,40,08,25,96,00,8C,5A,3C,
84678248,0000029C,false,Tx,0,8,40,08,25,96,00,8C,5A,3C,
84779086,0000029C,false,Tx,0,8,40,08,25,96,00,8C,5A,3C,
84880680,0000029C,false,Tx,0,8,40,08,25,96,00,8C,5A,3C,
84981288,0000029C,false,Tx,0,8,40,08,25,96,00,8C,5A,3C,
85082505,0000029C,false,Tx,0,8,40,08,25,96,00,8C,5A,3C,
85183115,0000029C,false,Tx,0,8,40,08,25,96,00,8C,5A,3C,
85283984,0000029C,false,Tx,0,8,40,08,25,96,00,8C,5A,3C,
85385401,0000029C,false,Tx,0,8,40,08,25,96,00,8C,5A,3C,
85486747,0000029C,false,Tx,0,8,40,08,25,96,00,8C,5A,3C,
85587569,0000029C,false,Tx,0,8,40,08,25,96,00,8C,5A,3C,
85688757,0000029C,false,Tx,0,8,40,08,25,96,00,8C,5A,3C,
85789785,0000029C,false,Tx,0,8,40,08,25,96,00,8C,5A,3C,
85890016,0000029C,false,Tx,0,8,40,08,25,96,00,8C,5A,3C,
85991330,0000029C,false,Tx,0,8,40,08,25,96,00,8C,5A,3C,
86092812,0000029C,false,Tx,0,8,40,08,25,96,00,8C,5A,3C,
86192932,0000029C,false,Tx,0,8,40,08,25,96,00,8C,5A,3C,
86295097,0000029C,false,Tx,0,8,40,08,25,96,00,8C,5A,3C,
86395535,0000029C,false,Tx,0,8,40,08,25,96,00,8C,5A,3C,
86496836,0000029C,false,Tx,0,8,40,08,25,96,00,8C,5A,3C,
86597461,0000029C,false,Tx,0,8,40,08,25,96,00,8C,5A,3C,
86698212,0000029C,false,Tx,0,8,40,08,25,96,00,8C,5A,3C,
86799637,0000029C,false,Tx,0,8,40,08,25,96,00,8C,5A,3C,
86900606,0000029C,false,Tx,0,8,40,08,25,96,00,8C,5A,3C,
87001348,0000029C,false,Tx,0,8,40,08,25,96,00,8C,5A,3C,
87103199,0000029C,false,Tx,0,8,40,08,25,96,00,8C,5A,3C,
87203713,0000029C,false,Tx,0,8,40,08,25,96,00,8C,5A,3C,
87305434,0000029C,false,Tx,0,8,40,08,25,96,00,8C,5A,3C,
87405993,0000029C,false,Tx,0,8,40,08,25,96,00,8C,5A,3C,
87506838,0000029C,false,Tx,0,8,40,08,25,96,00,8C,5A,3C,
87607984,0000029C,false,Tx,0,8,40,08,25,96,00,8C,5A,3C,
87709163,0000029C,false,Tx,0,8,40,08,25,96,00,8C,5A,3C,
87810044,0000029C,false,Tx,0,8,40,08,25,96,00,8C,5A,3C,
87911618,0000029C,false,Tx,0,8,40,08,25,96,00,8C,5A,3C,
88012067,0000029C,false,Tx,0,8,40,08,25,96,00,8C,5A,3C,
88113978,0000029C,false,Tx,0,8,40,08,25,96,00,8C,5A,3C,
88214467,0000029C,false,Tx,0,8,40,08,25,96,00,8C,5A,3C,
88315582,0000029C,false,Tx,0,8,40,08,25,96,00,8C,5A,3C,
88416059,0000029C,false,Tx,0,8,40,08,25,96,00,8C,5A,3C,
88517344,0000029C,false,Tx,0,8,40,08,25,96,00,8C,5A,3C,
88617839,0000029C,false,Tx,0,8,40,08,25,96,00,8C,5A,3C,
88719107,0000029C,false,Tx,0,8,40,08,25,96,00,8C,5A,3C,
88820084,0000029C,false,Tx,0,8,40,08,25,96,00,8C,5A,3C,
88921084,0000029C,false,Tx,0,8,40,08,25,96,00,8C,5A,3C,
89021918,0000029C,false,Tx,0,8,40,08,25,96,00,8C,5A,3C,
89122944,0000029C,false,Tx,0,8,40,08,25,96,00,8C,5A,3C,
89224769,0000029C,false,Tx,0,8,40,08,25,96,00,8C,5A,3C,
89325477,0000029C,false,Tx,0,8,40,08,25,96,00,8C,5A,3C,
89426470,0000029C,false,Tx,0,8,40,08,25,96,00,8C,5A,3C,
89527335,0000029C,false,Tx,0,8,40,08,25,96,00,8C,5A,3C,
89628524,0000029C,false,Tx,0,8,40,08,25,96,00,8C,5A,3C,
89729370,0000029C,false,Tx,0,8,40,08,25,96,00,8C,5A,3C,
89831155,0000029C,false,Tx,0,8,40,08,25,96,00,8C,5A,3C,
89931841,0000029C,false,Tx,0,8,40,08,25,96,00,8C,5A,3C,
90032698,0000029C,false,Tx,0,8,40,08,25,96,00,8C,5A,3C,
90134509,0000029C,false,Tx,0,8,40,08,25,96,00,8C,5A,3C,
90234642,0000029C,false,Tx,0,8,40,08,25,96,00,8C,5A,3C,
90335331,0000029C,false,Tx,0,8,40,08,25,96,00,8C,5A,3C,
90436686,0000029C,false,Tx,0,8,40,08,25,96,00,8C,5A,3C,
90537914,0000029C,false,Tx,0,8,40,08,25,96,00,8C,5A,3C,
90639157,0000029C,false,Tx,0,8,40,08,25,96,00,8C,5A,3C,
90739580,0000029C,false,Tx,0,8,40,08,25,96,00,8C,5A,3C,
90841338,0000029C,false,Tx,0,8,40,08,25,96,00,8C,5A,3C,
90942488,0000029C,false,Tx,0,8,40,08,25,96,00,8C,5A,3C,
91043673,0000029C,false,Tx,0,8,40,08,25,96,00,8C,5A,3C,
91144736,0000029C,false,Tx,0,8,40,08,25,96,00,8C,5A,3C,
91245291,0000029C,false,Tx,0,8,40,08,25,96,00,8C,5A,3C,
91346065,0000029C,false,Tx,0,8,40,08,25,96,00,8C,5A,3C,
91447599,0000029C,false,Tx,0,8,40,08,25,96,00,8C,5A,3C,
91549138,0000029C,false,Tx,0,8,40,08,25,96,00,8C,5A,3C,
91649054,0000029C,false,Tx,0,8,40,08,25,96,00,8C,5A,3C,
91750561,0000029C,false,Tx,0,8,40,08,25,96,00,8C,5A,3C,
91851449,0000029C,false,Tx,0,8,40,08,25,96,00,8C,5A,3C,
91952166,0000029C,false,Tx,0,8,40,08,25,96,00,8C,5A,3C,
92052766,0000029C,false,Tx,0,8,40,08,25,96,00,8C,5A,3C,
92154880,0000029C,false,Tx,0,8,40,08,25,96,00,8C,5A,3C,
92255890,0000029C,false,Tx,0,8,40,08,25,96,00,8C,5A,3C,
92356363,0000029C,false,Tx,0,8,40,08,25,96,00,8C,5A,3C,
92457508,0000029C,false,Tx,0,8,40,08,25,96,00,8C,5A,3C,
92558451,0000029C,false,Tx,0,8,40,08,25,96,00,8C,5A,3C,
92659410,0000029C,false,Tx,0,8,40,08,25,96,00,8C,5A,3C,
92759998,0000029C,false,Tx,0,8,40,08,25,96,00,8C,5A,3C,
92862290,0000029C,false,Tx,0,8,40,08,25,96,00,8C,5A,3C,
92962597,0000029C,false,Tx,0,8,40,08,25,96,00,8C,5A,3C,
93063278,0000029C,false,Tx,0,8,40,08,25,96,00,8C,5A,3C,
93165093,0000029C,false,Tx,0,8,40,08,25,96,00,8C,5A,3C,
93265518,0000029C,false,Tx,0,8,40,08,25,96,00,8C,5A,3C,
93366988,0000029C,false,Tx,0,8,40,08,25,96,00,8C,5A,3C,
93467663,0000029C,false,Tx,0,8,40,08,25,96,00,8C,5A,3C,
93568425,0000029C,false,Tx,0,8,40,08,25,96,00,8C,5A,3C,
93670030,0000029C,false,Tx,0,8,40,08,25,96,00,8C,5A,3C,
93771768,0000029C,false,Tx,0,8,40,08,25,96,00,8C,5A,3C,
93871950,0000029C,false,Tx,0,8,40,08,25,96,00,8C,5A,3C,
93972396,0000029C,false,Tx,0,8,40,08,25,96,00,8C,5A,3C,
94074456,0000029C,false,Tx,0,8,40,08,25,96,00,8C,5A,3C,
94175495,0000029C,false,Tx,0,8,40,08,25,96,00,8C,5A,3C,
94275978,0000029C,false,Tx,0,8,40,08,25,96,00,8C,5A,3C,
94376932,0000029C,false,Tx,0,8,40,08,25,96,00,8C,5A,3C,
94477873,0000029C,false,Tx,0,8,40,08,25,96,00,8C,5A,3C,
94579674,0000029C,false,Tx,0,8,40,08,25,96,00,8C,5A,3C,
94680787,0000029C,false,Tx,0,8,40,08,25,96,00,8C,5A,3C,
94780908,0000029C,false,Tx,0,8,40,08,25,96,00,8C,5A,3C,
94882623,0000029C,false,Tx,0,8,40,08,25,96,00,8C,5A,3C,
94983044,0000029C,false,Tx,0,8,40,08,25,96,00,8C,5A,3C,
95084211,0000029C,false,Tx,0,8,40,08,25,96,00,8C,5A,3C,
95185008,0000029C,false,Tx,0,8,40,08,25,96,00,8C,5A,3C,
95286056,0000029C,false,Tx,0,8,40,08,25,96,00,8C,5A,3C,
95387756,0000029C,false,Tx,0,8,40,08,25,96,00,8C,5A,3C,
95488969,0000029C,false,Tx,0,8,40,08,25,96,00,8C,5A,3C,
95589897,0000029C,false,Tx,0,8,40,08,25,96,00,8C,5A,3C,
95690967,0000029C,false,Tx,0,8,40,08,25,96,00,8C,5A,3C,
95791726,0000029C,false,Tx,0,8,40,08,25,96,00,8C,5A,3C,
95892271,0000029C,false,Tx,0,8,40,08,25,96,00,8C,5A,3C,
95994543,0000029C,false,Tx,0,8,40,08,25,96,00,8C,5A,3C,
96095021,0000029C,false,Tx,0,8,40,08,25,96,00,8C,5A,3C,
96195537,0000029C,false,Tx,0,8,40,08,25,96,00,8C,5A,3C,
96296327,0000029C,false,Tx,0,8,40,08,25,96,00,8C,5A,3C,
96398369,0000029C,false,Tx,0,8,40,08,25,96,00,8C,5A,3C,
96499026,0000029C,false,Tx,0,8,40,08,25,96,00,8C,5A,3C,
96599661,0000029C,false,Tx,0,8,40,08,25,96,00,8C,5A,3C,
96700746,0000029C,false,Tx,0,8,40,08,25,96,00,8C,5A,3C,
96801443,0000029C,false,Tx,0,8,40,08,25,96,00,8C,5A,3C,
96902644,0000029C,false,Tx,0,8,40,08,25,96,00,8C,5A,3C,
97003586,0000029C,false,Tx,0,8,40,08,25,96,00,8C,5A,3C,
97105048,0000029C,false,Tx,0,8,40,08,25,96,00,8C,5A,3C,
97205952,0000029C,false,Tx,0,8,40,08,25,96,00,8C,5A,3C,
97306717,0000029C,false,Tx,0,8,40,08,25,96,00,8C,5A,3C,
97407891,0000029C,false,Tx,0,8,40,08,25,96,00,8C,5A,3C,
97509473,0000029C,false,Tx,0,8,40,08,25,96,00,8C,5A,3C,
97610111,0000029C,false,Tx,0,8,40,08,25,96,00,8C,5A,3C,
97711355,0000029C,false,Tx,0,8,40,08,25,96,00,8C,5A,3C,
97812222,0000029C,false,Tx,0,8,40,08,25,96,00,8C,5A,3C,
97913078,0000029C,false,Tx,0,8,40,08,25,96,00,8C,5A,3C,
98013800,0000029C,false,Tx,0,8,40,08,25,96,00,8C,5A,3C,
